BrandName,ModelGroup,ModelNum,PartNum,Description,PartMFG
Frigidaire,Refrigerator,GLHS280ZAW4                   ,240334002         ,Motor-condenser Fan,Frigidaire
Frigidaire,Refrigerator,FRS6HR35KW2,5304455677        ,Screw,Frigidaire
General Electric,Dryer,PBVH415EH1WW,WE2M212           ,Screw Hinge To Front,GE
Frigidaire,Refrigerator,FRS26BRDSB3                   ,218721500         ,Bracket-leveling,Frigidaire
General Electric,Dryer,PCCB330GJ2WC,WE4M415,Door Switch,GE
Frigidaire,Refrigerator,GLHS68EGSB6                   ,240351240,Refrigerator Lower Crisper Drawer,Frigidaire
Frigidaire,Refrigerator,FRS26KF6EBJ,5304456666        ,Screw,Frigidaire
General Electric,Dryer,PBXR465GH2WW,WE25M40           ,Rear Drum Bearing Kit,GE
Frigidaire,Refrigerator,FRS26HF5AQ2                   ,5303918455,Hinge Kit - Left And Right Hinges,Frigidaire
General Electric,Dryer,GNSR465GB0WW,WE4X448           ,Heat Detector,GE
General Electric,Dryer,PCVH640GJ1WW,WE14M119          ,Complete Duct Trap Assembly,GE
Frigidaire,Refrigerator,FRS6HR45KS4,241716002         ,Ice Dispenser Actuator Rod,Frigidaire
Husqvarna,Lawn Tractor,LT151,532193412,Keeper Belt,Husqvarna
Husqvarna,Lawn Mower,2748GLS,596039401,Lawn Tractor Bolt 596039401,Husqvarna
Kenmore,Refrigerator,10652522100                   ,WP505587,"Sealer, Mastic (1 Qt.)",Whirlpool
Kenmore,Refrigerator,25354732303                   ,218769500         ,Label-use & Care,Frigidaire
Frigidaire,Refrigerator,FRS26KF5CW1                   ,241860803,Ice Container And Auger Assembly,Frigidaire
Amana,Refrigerator,AFD2535DEW14,67002816,Clip- Wate,Whirlpool
Frigidaire,Refrigerator,FFSS2615TS1,241812502,Channel,Frigidaire
Frigidaire,Refrigerator,FPUS2698LF3,240599301         ,Upper Crisper Drawer Frame,Frigidaire
Frigidaire,Refrigerator,DGHS2634KE3,241885001,Dispenser Crusher Housing,Frigidaire
Husqvarna,Lawn Tractor,YTH24V48LS,532407568,Switch Reverse Tt Pedal Control,Husqvarna
Kenmore,Refrigerator,25354703401                   ,240430706         ,Shelf Trim,Frigidaire
Frigidaire,Refrigerator,CRSE264FB1                    ,218721500         ,Bracket-leveling,Frigidaire
General Electric,Dryer,GUSR465EB1WW,WE2M160           ,Screw #8,GE
Maytag,Refrigerator,MFT2771XEM1,WP2198607,Ice Dispenser Drive Shaft Spring,Whirlpool
Norge,Dryer,8440A,53-0119,Clip- Hing,Whirlpool
General Electric,Dryer,GUAN275ED2WW,WH01X10624,Scr 6-20 B Trt 3/8 S,GE
General Electric,Dryer,HTMX100ED1WW,WE21X20562,Drum Assembly,GE
Husqvarna,Lawn Tractor,GTH2548XP,532174371,Spring Secondary Drive,Husqvarna
Husqvarna,Lawn Tractor,YTH180,531167001,Baffle Vortex,Husqvarna
Kenmore,Refrigerator,25357103609,5304458384        ,Screw,Frigidaire
Husqvarna,Lawn Tractor,PP22H50KA,532142878,"Washer,1.0x1.63x.08",Husqvarna
Frigidaire,Refrigerator,FRS26KF5DS2                   ,215005101         ,Screw,Frigidaire
Frigidaire,Refrigerator,FRS6HF6JQ0                    ,240380101         ,Duct-ice Maker,Frigidaire
Amana,Refrigerator,SL22JB-P1116005W,C3667101H,Discontinued,Whirlpool
Frigidaire,Refrigerator,FRS26KF6EB6                   ,241684001         ,Front Plate,Frigidaire
Husqvarna,Lawn Tractor,GTH2548XP,532183910,"Dash, Plastic",Husqvarna
Echo,Trimmer,SRM-210U,89512220960,Open End Wrench,Echo
Norge,Dryer,8440A,LA-1003,Door Catch Kit,Whirlpool
Husqvarna,Lawn Tractor,GTH2548XP,532175805,"Plate, Asm, Susp, Front",Husqvarna
Whirlpool,Refrigerator,GS6NHAXVQ04,W10138965,Hinge Bottom,Whirlpool
Husqvarna,Lawn Tractor,1742C,532121748,Washer 25/32 X 1-5/8 X 16 Ga.,Husqvarna
Husqvarna,Lawn Mower,RZ5424-966691901,521980501,"Decal, Height",Husqvarna
Frigidaire,Refrigerator,FRS26F5AQ6                    ,5303918328        ,"Heat Exchanger Kit,suction Line ,service",Frigidaire
Echo,Pole Saw,PPT-266H,P022008270,Spring-damper,Echo
Amana,Refrigerator,TQ18R3-P1181809WL,10433805,Discontinued,Whirlpool
General Electric,Dryer,PBVH415EH2WW,WE10M123          ,Door Assembly White,GE
Maytag,Refrigerator,MFD2562VEA1,WP12806701,Cover-box,Whirlpool
General Electric,Dryer,ZDT800SSFSS,WR01X10858,Scr 8-18 Ab Pnp 5/8 S,GE
General Electric,Refrigerator,ZISS420NHASS,WR02X10540        ,Lid Bumper,GE
General Electric,Dryer,PFSR465GH3WW,WE12X83           ,Idler Pulley Wheel,GE
Frigidaire,Refrigerator,LFHT2117LW8,240381301         ,Plug - Hinge Bearing Cover,Frigidaire
Kenmore,Refrigerator,25351624103                   ,5304404331        ,Screw-solenoid,Frigidaire
Frigidaire,Refrigerator,FRS26R4CWR                    ,240430501         ,Channel,Frigidaire
Frigidaire,Refrigerator,FRS26KF6EM4                   ,5304455650        ,Hex Head Screw,Frigidaire
Frigidaire,Refrigerator,GLHS67EHW2                    ,241716002         ,Ice Dispenser Actuator Rod,Frigidaire
General Electric,Dryer,GUSR493GBCWW,WE4M80            ,High Limit Thermostat - L290-40f,GE
Husqvarna,Lawn Mower,96043017100,583612801,Nut,Husqvarna
Frigidaire,Refrigerator,GLRS267ZAW5                   ,218976409         ,Water Tube,Frigidaire
Husqvarna,Lawn Mower,YTH24V54,696541,Drive-starter,Husqvarna
General Electric,Dryer,PBVH512GF4WW,WE1X1192          ,Door Strike,GE
General Electric,Refrigerator,GSRS3QGXGFSS,WR72X10170        ,Drawer Slide Rail Bracket - Right Side,GE
General Electric,Washer,GFMN245EL0MG,WZ5X158D          ,Screw-pkg 12,GE
Husqvarna,Lawn Tractor,GTH250XP,532179471,Bracket Asm. Idler,Husqvarna
Husqvarna,Lawn Tractor,XT24H48YT,188706,Seat,Poulan
Frigidaire,Refrigerator,GLHS66EJSB0                   ,240398401         ,Filter Release Spring,Frigidaire
General Electric,Refrigerator,GSRS3KLZDFSS,WR01L02577,Door Recess Upper,GE
Husqvarna,Lawn Tractor,2548,7390600,Nut Centerlock 3/8 - 16 Unc,Husqvarna
Husqvarna,Lawn Mower,YTH2348,872110616,Bolt Rdhd Sqnk 3/816 Unc X 2,Husqvarna
Husqvarna,Lawn Tractor,YTH1542XP,581724901,Handle Insert,Husqvarna
Frigidaire,Refrigerator,GLHS68EEB7                    ,316538904,Light Bulb,Frigidaire
Frigidaire,Refrigerator,PHSB67EHSB3                   ,240505801         ,Light Switch,Frigidaire
Maytag,Refrigerator,MSD2554VEY00,W11629923,Coupling,Whirlpool
Frigidaire,Refrigerator,FRS26LF7DS2                   ,5303918455,Hinge Kit - Left And Right Hinges,Frigidaire
General Electric,Refrigerator,ZISP420DHASS,WR17X10044        ,Auger Helix Display,GE
Gibson,Refrigerator,GRS26F5AQ4                    ,240334201         ,Freezer Upper Door Bin,Frigidaire
Husqvarna,Lawn Tractor,PP1242,583663901,"Shaft, Cross",Weed Eater
General Electric,Dryer,GTMP520ED4WW,WR08X21100,Tsd Combo,GE
Frigidaire,Refrigerator,GLHS67EHB5                    ,241731801         ,Spring-control Rod,Frigidaire
Husqvarna,Lawn Tractor,CTH150,532193350,Switch-ign,Husqvarna
Husqvarna,Lawn Mower,96045003800,532193350,Switch-ign,Husqvarna
Frigidaire,Refrigerator,FRS6L9EFSS2                   ,240350702         ,Upper Crisper Drawer Cover - Glass Not Included,Frigidaire
Husqvarna,Lawn Tractor,GTH2554XP,532145005,Decal-battery Dnge/poi,Husqvarna
General Electric,Refrigerator,ZISP480DXDSS,WR30X32633,Ice Bucket,GE
General Electric,Refrigerator,ZISS420DXDSS,WR55X10025        ,Temperature Sensor,GE
Kenmore,Refrigerator,25354669408,240494001         ,Button Plug,Frigidaire
Briggs and Stratton,Engine,126312-0560-E1,699201,Screw,Briggs and Stratton
General Electric,Washer,JCB730DF3BB,WH01X10566,Pump Access Door Ww,GE
Echo,Chainsaw,CS-341,43331232630,Cover-seal,Echo
Frigidaire,Refrigerator,PLHS267ZDB3                   ,5304455650        ,Hex Head Screw,Frigidaire
Crosley,Refrigerator,CRSE264FW0                    ,241688701         ,Ice Dispenser Door Seal,Frigidaire
Husqvarna,Lawn Tractor,LZ12597AK,532154778,Keeper-belt Engine F-proof,Husqvarna
General Electric,Dryer,GUSR495EB4WW,WE09X27634,Felt Trap Duct,GE
Frigidaire,Refrigerator,FRS6R5ESBE                    ,240430706         ,Shelf Trim,Frigidaire
General Electric,Dryer,PFSR465GH3WW,WE1M527           ,Front Bracket Level Leg,GE
General Electric,Dryer,UPVH880EJ0MV,WE1M761,Inner Door Cap Left,GE
Norge,Dryer,8215A,LA-1003,Door Catch Kit,Whirlpool
Husqvarna,Lawn Mower,53,734116441,Spacer,Husqvarna
Kenmore,Dryer,11070232001                   ,279737            ,Timer With Cams,Whirlpool
Husqvarna,Lawn Mower,96041024301,532440619,Bracket Strap Torque,Husqvarna
Frigidaire,Refrigerator,FRS26F5AQ6                    ,240363602         ,Screw-shoulder,Frigidaire
Frigidaire,Refrigerator,FRS6HR5JB4,241697602,Pan-defrost,Frigidaire
Frigidaire,Refrigerator,FRS26HF6BQ2                   ,240380101         ,Duct-ice Maker,Frigidaire
Norge,Dryer,7435A,25-6124           ,"Nut, Screw",Maytag
Amana,Refrigerator,TQ18R3-P1158414WW,W11384469,Refrigerator Door Switch,Whirlpool
Maytag,Refrigerator,MFT2771XEB1,W10312047,Lens-light,Whirlpool
Frigidaire,Refrigerator,FFSS2615TE2,241604010,Label-control Box,Frigidaire
Whirlpool,Dryer,7EWED1705YM2,W10816105,Sensor,Whirlpool
KitchenAid,Dryer,KEYS710LQ0                    ,WP90296,Support Roller Clip,Whirlpool
Kenmore,Refrigerator,25372879203                   ,5304469377,Shut-off Arm,Frigidaire
Frigidaire,Refrigerator,CRSE264JQ1,240548901         ,Socket,Frigidaire
Husqvarna,Lawn Tractor,YTH2048,532174368,Primary Blade Drive Belt,Husqvarna
Frigidaire,Refrigerator,FRS26R4AQ4                    ,5304469403,Drive Gear,Frigidaire
General Electric,Refrigerator,ZISB480DHB,WR01X10065        ,Screw,GE
Norge,Dryer,8435A,WP3351614,"Screw, Ground",Whirlpool
General Electric,Refrigerator,GSR23VGTABB,WR2X8818          ,Door Recess Retainer,GE
Maytag,Refrigerator,MSD2242VEB01,67006121,Screw,Whirlpool
Amana,Refrigerator,ASD2522WRD01,WP489483,Screw,Whirlpool
Frigidaire,Refrigerator,FFHT1814LBC,5303918222        ,Hot Tube Repair Kit,Frigidaire
Maytag,Refrigerator,MSD2242VEW00,2311637           ,"Wire Harness, Dual Crisper",Whirlpool
Jenn-Air,Refrigerator,JFC2089WEM4,67006425,Screw,Whirlpool
General Electric,Refrigerator,ZIS420NHB,WR32X25591,Pan Snack Assembly 42,GE
Frigidaire,Refrigerator,FGHC2345LF2,5304458378        ,Water Fill Cup,Frigidaire
Frigidaire,Refrigerator,FPHC2399KF6,241733902         ,Access Panel,Frigidaire
Frigidaire,Refrigerator,FRS6LF7FM8                    ,241860801,Ice Container With Auger,Frigidaire
Kenmore,Refrigerator,25351622104                   ,G187559           ,Fan Motor Mounting Bushing,Frigidaire
Toro,Lawn Mower,20462,114-3468,Screw-shoulder,Toro
Frigidaire,Refrigerator,FPHC2399PF5,5304458388        ,Spacer-hold Switch,Frigidaire
Frigidaire,Refrigerator,FRS26HF7BW3                   ,240343002         ,Basket Hanger - Right Side,Frigidaire
General Electric,Dryer,PHDVH68EJ0MS,WE13M39           ,Motor Support,GE
General Electric,Refrigerator,ZISS420DKBSS,WR40X10040        ,Seal Pan Front,GE
Husqvarna,Lawn Mower,96043003000,532411555,Grip-lever,Husqvarna
Gibson,Refrigerator,GRS26R4CQ1                    ,241786002,Freezer Door Gasket - White,Frigidaire
Husqvarna,Lawn Tractor,PBA19542LTX,872110407,Bolt,Husqvarna
General Electric,Dryer,GNSR465EB4WW,WE4M519,Rotary Start Switch,GE
Whirlpool,Dryer,CSP2761TQ0                    ,3394081           ,Dryer Belt Switch Jumper Wire,Whirlpool
Briggs and Stratton,Engine,204412-0163-01,695528,Nozzle-carburetor,Briggs and Stratton
Frigidaire,Refrigerator,FFUS2613LP0,241786002,Freezer Door Gasket - White,Frigidaire
Husqvarna,Lawn Tractor,CTH150,596134801,Left Top Locknut,Craftsman
Amana,Refrigerator,TA18R3-P1158307WW,WP10442410,Defrost Thermostat,Whirlpool
Whirlpool,Dryer,LEQ8100KQ1                    ,WP339956,Lint Trap Housing Seal,Whirlpool
General Electric,Dryer,RUXR453EB0WW,WE1M467           ,Brkt Lvl Screw Front,GE
Frigidaire,Refrigerator,GLHS67EEPQ0                   ,240356501         ,Meat Drawer Rail - Right Side,Frigidaire
Husqvarna,Lawn Tractor,TS142,581578101,Decal.parking.brake.saddle.lt,Husqvarna
General Electric,Dryer,PHDVH57EH0GG,WE2M213           ,Nut-strip Door Guide,GE
Kenmore,Dryer,11063062101                   ,W10823582,Door Seal,Whirlpool
Frigidaire,Refrigerator,FRS26R4AQ3                    ,5303918455,Hinge Kit - Left And Right Hinges,Frigidaire
General Electric,Refrigerator,ZFGP21HZJSS,WR17X12588,Vent Damper - Right Side,GE
Amana,Refrigerator,TP19R3L-P1181905WL,W11384469,Refrigerator Door Switch,Whirlpool
Husqvarna,Lawn Mower,MZ48,597998901,Decal.emiss.epa.ztr.2019,Husqvarna
General Electric,Dryer,GUSR465GBDWW,WE01X29357,Leveling Leg,GE
Yard Machines,Lawn Tractor,13A2775S000,951-12211,Bearing,Yard Machines
Frigidaire,Refrigerator,FRS6LF7JB6,240527001         ,O-ring,Frigidaire
Husqvarna,Lawn Tractor,YTH210XP,874760412,Bolt-hex Hd (1/4-20x3/4),Husqvarna
General Electric,Dryer,GUSR465GBAWW,WE21X20566,Drum Assembly,GE
General Electric,Refrigerator,ZISS480DXDSS,WR02X10670        ,Reflector Light,GE
Whirlpool,Dryer,LER8648PW1                    ,WP90767,"Screw, 8/18 X 3/8",Whirlpool
General Electric,Refrigerator,PNE25JMKCKES,WR03F04430,Striker Top Mullion,GE
Kenmore,Refrigerator,25354744300                   ,5304491941,Refrigerator Compressor Start Relay Kit,Frigidaire
Kenmore,Refrigerator,25355674408,5304432170        ,Use Wci 241708310,Frigidaire
Kenmore,Refrigerator,25353723300                   ,240373806         ,Cover-water Tube,Frigidaire
Echo,Trimmer,PAS-230,90060000005,Washer 5,Echo
Kenmore,Refrigerator,25354673302                   ,218396700         ,Handle Mounting Block,Frigidaire
Frigidaire,Refrigerator,FGSS2635TP8,241946701,Cover-upper Hinge,Frigidaire
Frigidaire,Refrigerator,PHS69EHSS1                    ,240359403         ,Screw-fan Shroud,Frigidaire
General Electric,Dryer,QNXR463EB1WW,WE9M13            ,Door Gasket,GE
Frigidaire,Refrigerator,GLRS267ZAW4                   ,241689201         ,Screw-micro Switch,Frigidaire
Maytag,Refrigerator,MSD2273VEW00,WPW10170739,Handle,Whirlpool
Kenmore,Refrigerator,25368893014,241523701         ,Damper-fan Cover,Frigidaire
Husqvarna,Lawn Mower,96045003701,819191912,Washer Clear Zinc,Husqvarna
Poulan,Lawn Tractor,HDT1542A,532133944,"Washer, Hardened",Poulan
Frigidaire,Refrigerator,FRS6HR45KS7,241716002         ,Ice Dispenser Actuator Rod,Frigidaire
Cub Cadet,Lawn Mower,500,703-08388A,Lift Index Slider Arm,Cub Cadet
Maytag,Refrigerator,MSD2552VEA01,WP978025,"Valve, Access (1/4``)",Whirlpool
General Electric,Refrigerator,PSHS6YGXADSS,WR02X10809        ,Reflector,GE
General Electric,Refrigerator,GFMS5HFFASS,WR02X12334        ,Mobility Front Assembly,GE
Kenmore,Refrigerator,25356943601,5304453707        ,"Screw,control Mtg.",Frigidaire
General Electric,Dryer,PHDSR48EH4WW,WE2M189           ,Screw,GE
Frigidaire,Refrigerator,FRS26LF8CB1                   ,241689802,Spacer,Frigidaire
Crosley,Refrigerator,CRSS262QW3,240330012,Base-compressor,Frigidaire
Frigidaire,Refrigerator,FRT18G6JB2,5304455650        ,Hex Head Screw,Frigidaire
Kenmore,Refrigerator,25374842404,5304469384,Ice Cube Ejector,Frigidaire
Husqvarna,Lawn Tractor,1742D,817490608,Screw Thdrol 3/8-16 X 1/2,Ryobi
General Electric,Refrigerator,DSRS5KGXGFGS,WR02X12263        ,Pin Hinge Bottom Adj Hollow,GE
Crosley,Refrigerator,CRSS262QS4,5308000110        ,Aluminum Heater Strap,Frigidaire
Frigidaire,Refrigerator,FRS26BH6CW0                   ,241676101         ,Actuator Solenoid - White,Frigidaire
Maytag,Refrigerator,MFX2571XEB3,WPW10534154,Kickplate Grille - White,Whirlpool
Frigidaire,Refrigerator,FFHI1817LSC,242037701,Clip-compressor Mounting,Frigidaire
Husqvarna,Lawn Mower,96043007900,532174873,"Wheel, Gauge",Husqvarna
Husqvarna,Lawn Mower,TS354X,532414736,Spacer Brace Axle,Husqvarna
Briggs and Stratton,Engine,124T00,790843,Shaft-choke,Briggs and Stratton
Westinghouse,Refrigerator,WRS26MF5ASC                   ,240581906         ,Door Stop - Black,Frigidaire
Husqvarna,Lawn Tractor,CTH151XP,532002882,Pin - Drive 3/16 X 1,Husqvarna
Echo,Pole Saw,PPF-225,90070200028,Circlip 28,Echo
Kenmore,Refrigerator,25354624401                   ,241697603,"Pan-defrost,26",Frigidaire
General Electric,Refrigerator,PWE23KSDHSS,WG03F04889,Grommet,GE
Husqvarna,Lawn Mower,YTH21K46,532400776,Screw 10-24 X 5/8,Husqvarna
General Electric,Refrigerator,TBX22PRBSRWW,WR13X770          ,Pin Hinge,GE
Husqvarna,Lawn Mower,996045004700,532199844,Hub Asm. Wheel,Husqvarna
Frigidaire,Refrigerator,FRS26F4DB2                    ,240328404         ,Upper Hinge Bearing,Frigidaire
General Electric,Refrigerator,PSKS333EB4WW,WR01L04060,Reflector Middle Lamp,GE
Husqvarna,Lawn Tractor,GTH264T,583413101,Shield.upper.pedal.tex.french,Husqvarna
Frigidaire,Refrigerator,GS26HSZBC2                    ,241657504         ,Upper Freezer Fixed Shelf,Frigidaire
General Electric,Dishwasher,DDT700SGN8BB,WD12X25995,User Cleanable Fine Filter And Basket Asm,GE
Husqvarna,Lawn Mower,96013001900,532138017,Bracket Assembly Fr Sway Bar 38/42,Husqvarna
Frigidaire,Refrigerator,GLHS67ESFB0                   ,241993101,Crisper Cover Support - Front,Frigidaire
Frigidaire,Refrigerator,FFHI1831QP5,242219204,Motor-blower,Frigidaire
Frigidaire,Refrigerator,GLHS68EEPW1                   ,5303918455,Hinge Kit - Left And Right Hinges,Frigidaire
Echo,Hedge Trimmer,HC-152,X505002310,Label - Caution -- Hot,Echo
General Electric,Dryer,GTMP400GM1WS,WE4M137           ,High Limit Thermostat - L315-65,GE
General Electric,Dryer,PBXR465GH0WW,WE12X83           ,Idler Pulley Wheel,GE
Frigidaire,Refrigerator,GLHS264ZAQ3                   ,241689001         ,Spring-actuator,Frigidaire
Kenmore,Refrigerator,10659294993                   ,876764            ,Access Valve - 3/16 Inch,Whirlpool
Husqvarna,Lawn Mower,96048004400,532422027,Shaft Asm.-lift,Husqvarna
Norge,Dryer,8835A,53-1026,Guide- Van,Whirlpool
General Electric,Refrigerator,GSHF9NGYBCBB,WR17X12295,Separator Air Hiside,GE
Husqvarna,Lawn Mower,YTH2042,532404785,Bracket Wheel Gauge Right Hand,Husqvarna
Kenmore,Refrigerator,25351234102                   ,5304420654        ,"Screw-thermos/sprt, 4-24 X 0.375 (4)",Frigidaire
Frigidaire,Refrigerator,DGUS2635LP0,240599301         ,Upper Crisper Drawer Frame,Frigidaire
General Electric,Refrigerator,PNE25JMKCKES,WR01A00683,Scr 8-18 Ab Ihxw 9,GE
Husqvarna,Lawn Tractor,150,532155198,Bracket,Husqvarna
General Electric,Refrigerator,ZISP420DXCSS,WR17X11924        ,Vaporizer Pan - Stainless Steel,GE
Frigidaire,Refrigerator,FFSS2622NB5,240578902         ,Hinge Mounting Hexagonal Screw,Frigidaire
Husqvarna,Lawn Tractor,LTH171,532196212,Bearing Nylon,Husqvarna
Husqvarna,Lawn Tractor,P11577HRB,532407176,Dash Lower,Poulan
General Electric,Dryer,PCVH565GH0GG,WD21X10261        ,Interlock Switch,GE
Husqvarna,Lawn Tractor,TS354XD,532195263,Bushing Spherical Susp Front,Husqvarna
Kenmore,Refrigerator,25351234106                   ,218888001         ,Adapter,Frigidaire
Husqvarna,Lawn Tractor,P11577RB,532421652,Nan,Poulan
Husqvarna,Lawn Mower,96043002000,874760412,Bolt-hex Hd (1/4-20x3/4),Husqvarna
Poulan,Lawn Tractor,PPR1742STB,874780616,"Bolt, Hex 3/8-16 X 1",Husqvarna
Husqvarna,Lawn Tractor,LT19538,532195186,Arm Suspension,Husqvarna
Frigidaire,Refrigerator,GLHS69EHB0                    ,240334201         ,Freezer Upper Door Bin,Frigidaire
Norge,Dryer,8540A,LA-1008,Rear Drum Support Roller Kit,Whirlpool
Kenmore,Refrigerator,10650542000                   ,72032             ,Touch-up Paint - Black,Whirlpool
General Electric,Dryer,PBXR473ED0WW,WE1M461           ,Retainer O-ring,GE
General Electric,Dryer,PCVH565GH0GG,WE16M15           ,Blower Wheel,GE
Husqvarna,Lawn Tractor,DB185H42YT,17720408,Screw 1/4-20 Unc X 1/2,Husqvarna
General Electric,Dryer,PCVH640EJ1WW,WE03X20434,Idler Spring Arm,GE
Husqvarna,Lawn Mower,YTH23V48,532439682,"Pad, Footrest, Right Hand",Husqvarna
Husqvarna,Lawn Tractor,YTH1542,532175566,Switch Ignition,Husqvarna
Husqvarna,Lawn Tractor,YTH1542XP,532413591,Axle Asm.-front,Husqvarna
Frigidaire,Refrigerator,GLHS68EEPB0                   ,241993101,Crisper Cover Support - Front,Frigidaire
Husqvarna,Lawn Tractor,HD13538,873680600,Nut Center Lock 3/8-16 Unc,Husqvarna
Frigidaire,Refrigerator,FRT18G4AZA                    ,5304507765,Compressor Kit,Frigidaire
Frigidaire,Refrigerator,FRS26R2AWA                    ,5304475102,Compressor,Frigidaire
Husqvarna,Lawn Mower,96043014000,587464801,Bezel Right Hand,Husqvarna
General Electric,Refrigerator,GSR23KGTAWW,WR55X10942C,Board Asm Main Control,GE
Husqvarna,Lawn Mower,96043010101,532187690,Washer-spacer,Husqvarna
General Electric,Dryer,PSXR373EH2WW,WE14M93           ,Blower Housing,GE
Husqvarna,Lawn Tractor,PK20H42YT,532178024,Bar Sway Deck,Ryobi
Frigidaire,Refrigerator,FRS26H7CQ2                    ,241517501         ,Harness-wiring,Frigidaire
Husqvarna,Lawn Mower,96043000604,532404784,Bracket Wheel Gauge Left Hand,Husqvarna
Husqvarna,Lawn Tractor,TC130,817670412,Screw 1/4-20 X 3/4,Husqvarna
Frigidaire,Refrigerator,FPHS2699PF3,218755504         ,Screw,Frigidaire
Husqvarna,Lawn Mower,2146XLS,192443,Screw.tube.muffler.vanguard,Husqvarna
General Electric,Dryer,GFMS355GL0MS,WE1M504           ,Drum Bearing Slide - White (sold Individually),GE
Amana,Refrigerator,22504A,M0246258          ,Sub M0233847,Maytag
Maytag,Refrigerator,MSD2554VEB01,WP2205765,Tube Suction,Whirlpool
Kenmore,Refrigerator,25354679301                   ,241716101         ,Ice Auger,Frigidaire
General Electric,Dryer,GTMX180GD0WW,WE4M137           ,High Limit Thermostat - L315-65,GE
Husqvarna,Lawn Mower,96042003600,532196314,Spring Torsion,Husqvarna
General Electric,Dryer,GTMP280GD5WW,WB2X1222          ,Felt Pad,GE
Frigidaire,Refrigerator,FRS26HF7BB3                   ,5303918222        ,Hot Tube Repair Kit,Frigidaire
Echo,Trimmer,SRM-210i,V485001080,Lead-ignition,Echo
Husqvarna,Lawn Mower,96041027201,532105709,Spring-return-clutch,Husqvarna
Frigidaire,Refrigerator,GLHS65EHW1                    ,5304453707        ,"Screw,control Mtg.",Frigidaire
Kenmore,Refrigerator,25352644303                   ,218252201         ,Screw,Frigidaire
General Electric,Dryer,PTMS650GM2WT,WE10X20468,Outer Door White,GE
General Electric,Refrigerator,GSR25UGTAWW,200D1049G004,Cover Top Meat,GE
Frigidaire,Refrigerator,PLHS269ZDB2                   ,241649003         ,Dispenser Grille,Frigidaire
Husqvarna,Lawn Tractor,CT151,874520636,Bolt Fin Hex 3/8-16 Unc X 2-1/4,Husqvarna
Husqvarna,Lawn Tractor,LTH1536,532145006,Clip Push-in Hinged,Husqvarna
Frigidaire,Refrigerator,FRS6HR5HQ1                    ,240545201         ,"Water Tube Connector Elbow - 5/16""",Frigidaire
General Electric,Refrigerator,ZISS480NXDSS,WG03F05149,Heater Thaw,GE
Kenmore,Refrigerator,25354673304                   ,5304456667        ,Micro Switch,Frigidaire
Husqvarna,Lawn Tractor,CTH180XP,532183925,Bracket,Husqvarna
General Electric,Dryer,GTMP280ED5WW,WE1X1192          ,Door Strike,GE
Frigidaire,Refrigerator,FRS6KR5JSB2,5304467131,Wrench,Frigidaire
Maytag,Refrigerator,MFD2562VEA10,10623002,Clip- Evap,Whirlpool
Frigidaire,Range,480447A,316056900         ,Bolt-fastener,Frigidaire
Maytag,Refrigerator,5MFX257AA000,W11125428,Electronic Control Board,Whirlpool
General Electric,Dryer,GFMN100EL0WW,WG04L04074,Door Mask,GE
Norge,Dryer,8540A,53-1648           ,Idler Spring,Maytag
Kenmore,Refrigerator,25355679402                   ,241639502,Blade-condenser Fan,Frigidaire
Frigidaire,Refrigerator,PLHS67EESB3                   ,241680503         ,Dispenser Module,Frigidaire
Frigidaire,Refrigerator,DGHS2634KP2,5303918214        ,Defrost Thermostat Kit,Frigidaire
Poulan,Lawn Tractor,PO15538LT,532413524,Washer 13/16 X 2 X 10 Ga.,Poulan
Frigidaire,Refrigerator,GLHS68EFPW0                   ,241726501,Drive Bar,Frigidaire
Frigidaire,Refrigerator,GLHS68EFPW1                   ,241680301         ,Carrier,Frigidaire
Husqvarna,Lawn Mower,YTH20V46,532171877,Bolt (5/16-18),Husqvarna
Maytag,Refrigerator,MSD2242VEU00,WP2196089,Ice Container,Whirlpool
Kenmore,Refrigerator,25356529403,5304459910        ,Screw,Frigidaire
Frigidaire,Refrigerator,FGHS2368LE2,242084503,Door Handle - Black,Frigidaire
Frigidaire,Refrigerator,FFSS2614QP5A,5304455852        ,Screw,Frigidaire
Frigidaire,Refrigerator,FRS6R5EMBG                    ,5304485329,Door Handle Kit - Black,Frigidaire
General Electric,Dryer,PCVH565EH0MS,WE2M196           ,Screw #8,GE
General Electric,Refrigerator,PWE23KMDDES,WR23X10778,Harness Door Switch Ac,GE
Frigidaire,Refrigerator,FFHI1817LW8,240360801         ,Thermostat Knob - White,Frigidaire
Ariens,Lawn Mower,A23BH46,532197026,Spring-torsion-deflector,Husqvarna
Frigidaire,Refrigerator,GLHS68EGPB9                   ,241600906,Damper Assembly - 115v 60hz,Frigidaire
Echo,Leaf Blower / Vacuum,PB-250LN,90060300005,Washer 5,Echo
Kenmore,Refrigerator,25351693102                   ,5304469377,Shut-off Arm,Frigidaire
General Electric,Dryer,PHDSR48GH2WW,WE09X27636,Blower Gasket (exhaust),GE
Amana,Refrigerator,ABL2037FES0,67005680,Grommet- C,Whirlpool
Kenmore,Refrigerator,10659297991                   ,285006            ,Spray Paint - Superior Black,Whirlpool
Frigidaire,Refrigerator,GS26HSZBW2                    ,240542601         ,Clip-wiring Harness,Frigidaire
Poulan,Lawn Tractor,PR25PH48STA,174371,Spring Secondary Drive,Poulan
General Electric,Dishwasher,ZDT870SPF5SS,WD22X10093,Filter Coarse Stainless Steel,GE
General Electric,Refrigerator,ZIS420NHA,WR02X10951        ,Bhng Arm Nylon Ff Door Cl,GE
Kenmore,Refrigerator,25356512400                   ,240542601         ,Clip-wiring Harness,Frigidaire
Husqvarna,Lawn Tractor,YTKH ,532155986,Bar Pnt Adj.,Husqvarna
Frigidaire,Refrigerator,FRS26BH6CS1                   ,242161202,Trim-cabinet Corner,Frigidaire
General Electric,Dryer,PWSR363ED1WW,WE1M300           ,Bearing Retainer,GE
General Electric,Washer,GUAP240EM4WW,WH01X10596,Pin Alignment,GE
Briggs and Stratton,Engine,123K02-0353-E1,690572,Spring-detent,Briggs and Stratton
General Electric,Dishwasher,GDT665SMN8ES,WD19X26398,Four Port Diverter And Plug Asm,GE
Frigidaire,Refrigerator,GLRS267ZDW3                   ,241682301         ,Actuator,Frigidaire
General Electric,Dryer,PTMS650GM2WT,WR01X10196        ,Screw 8-18 Hi/lo 5/8,GE
Frigidaire,Refrigerator,GLRS267ZAB6                   ,241688801         ,Ice Chute Door Hinge Pin,Frigidaire
General Electric,Refrigerator,GTH18CBEWW,WR01X11007,Door Handle Fastener,GE
Kenmore,Dryer,11074602300                   ,694421            ,Screw,Whirlpool
Kenmore,Refrigerator,25374832400                   ,240350608         ,Crisper Glass Shelf Insert,Frigidaire
Amana,Refrigerator,SRI25F-A-P7700006WA,WPA3073101,Light Bulb - 120v 25w,Whirlpool
General Electric,Refrigerator,PWE23KSDFSS,WR01X10606        ,Scr 8-18 Ca Hx 1/2 S,GE
Norge,Dryer,8835A,25-7713           ,Screw,Maytag
General Electric,Dryer,GUSR493GB2WW,WE14X215          ,2-coil Gas Shut-off Valve Assembly,GE
General Electric,Dryer,PTMN945EMGG0,WE1M1067,Drum Bearing Slide - Green (sold Individually),GE
Maytag,Refrigerator,MSD2542VES01,W10194476,Cover-evap,Whirlpool
General Electric,Refrigerator,PSRS6PGZADSS,WR02X12263        ,Pin Hinge Bottom Adj Hollow,GE
General Electric,Refrigerator,PSHS6YGXADSS,WR01F00781,Fan Chill,GE
Husqvarna,Lawn Tractor,LT2216,532428982,Bolt 5/16-18 X 4 W/patch,Poulan
General Electric,Dryer,QDSR495EB0WW,WE14M93           ,Blower Housing,GE
General Electric,Dryer,PCVH565GH0MB,WE21X20566,Drum Assembly,GE
Husqvarna,Lawn Mower,YTH22V42,873800500,Nut Lock 5/16-18,Husqvarna
Echo,Trimmer,PAS-280,X502000320,Label-echo,Echo
General Electric,Refrigerator,GTMX180GD4WW,WR02X11768,Spring Deflector Int.,GE
Frigidaire,Refrigerator,FRS6HR45KW0,241525101         ,Chute-ice,Frigidaire
General Electric,Dryer,MTMX100EM0WW,WE4M216           ,Cycling Thermostat,GE
Kenmore,Dryer,11070012001                   ,WP3403498,"Connector, 3-position (gas Val",Whirlpool
General Electric,Refrigerator,DSR25USTAGS,WR01F00846,Grommet,GE
Frigidaire,Refrigerator,FRS6LE4FB5                    ,240327207         ,Upper Hinge Bracket,Frigidaire
Frigidaire,Refrigerator,LGHS2667KP0,5304458383        ,Plate-mounting,Frigidaire
Husqvarna,Lawn Tractor,CTH171,873220600,Nut Hex Jam 3/8-16 Unc,Husqvarna
Frigidaire,Refrigerator,FRS6R5ESBU,215503203         ,Screw,Frigidaire
General Electric,Dishwasher,ZDT975SPJ0SS,WG04A03620,Inverter Service Kit,GE
General Electric,Dryer,GMMP300GM1WS,WZ5X158D          ,Screw-pkg 12,GE
General Electric,Dryer,677514,WE20M398,Cabinet Base,GE
Frigidaire,Refrigerator,GLHS69EEPW2                   ,241676001         ,Solenoid E-ring,Frigidaire
Crosley,Refrigerator,WRS26MF5AQQ,241690201         ,E-ring,Frigidaire
General Electric,Refrigerator,PFSF5PJXACC,WR55M7,No Longer Available,GE
Norge,Dryer,8435A,WP53-2366,Pulley-idr,Whirlpool
Frigidaire,Refrigerator,GS26HSZBB1                    ,5304464438,Run Capacitor,Frigidaire
Whirlpool,Refrigerator,GX5SHTXTT11,67003485,Corner Cover - Black,Whirlpool
Kenmore,Refrigerator,2535567940A,241561201         ,Rail-ice Cream Shel,Frigidaire
Amana,Refrigerator,SLDI25F-L-P7642102WL,WPA3073101,Light Bulb - 120v 25w,Whirlpool
Husqvarna,Lawn Tractor,YTH2042TD,532198907,Lens Left Hand,Husqvarna
General Electric,Dryer,PCVH640GJ1BB,WE2X263D          ,Screw Kit - Package Of 12,GE
Husqvarna,Lawn Mower,YTH2242,817000612,Screw 3/8-16 X 3/4,Husqvarna
Frigidaire,Refrigerator,FRS6LE4FQ4                    ,218515403         ,Clip-grille,Frigidaire
General Electric,Refrigerator,DSRS5KGXIFGS,WR02X11768,Spring Deflector Int.,GE
Frigidaire,Refrigerator,GLRS64ZEQA                    ,240598402         ,Door Stop Screw,Frigidaire
Husqvarna,Lawn Tractor,LTH1742,734115441,Washer - 26x6.5x1.6,Husqvarna
Husqvarna,Lawn Tractor,YTH2448T,532400507,Bracket Strap Torque,Husqvarna
Briggs and Stratton,Engine,20P400,692564,Retainer-e Ring,Briggs and Stratton
Frigidaire,Refrigerator,FRS26KR4AB0                   ,5304469396,Shutoff Arm Spring,Frigidaire
General Electric,Dryer,672810,WE19M1292,Switch Trim (advancia),GE
MTD,Lawn Tractor,13AX795S004,736-0225,"Internal Lock Washer, 5/8 X 1.058 X .046",Ryobi
Husqvarna,Lawn Tractor,LT1238-LT1238C,532141940,Protection Wire Loop,Husqvarna
Kenmore,Dryer,11062212101                   ,W10874409,Lint Filter,Whirlpool
General Electric,Dryer,PVSR363EH5WW,WG04L04152,Knob And Clip Assembly,GE
Frigidaire,Refrigerator,FRS26LF7DSN                   ,241684602         ,Bracket-control Rod,Frigidaire
Frigidaire,Refrigerator,FRS26KF5DS0                   ,5303918256        ,Dispenser Heater Ki,Frigidaire
Norge,Dryer,8543A,LA-1003,Door Catch Kit,Whirlpool
Frigidaire,Refrigerator,FFHI1831QP2,242249002,Control Assembly,Frigidaire
General Electric,Dryer,PCVH680GJ2MS,WE1X1192          ,Door Strike,GE
Echo,Trimmer,SRM-225,V805000150,Screw 5x16,Echo
Kenmore,Refrigerator,10650509991                   ,WP2323198,"Heater, Defrost",Whirlpool
Dacor,Refrigerator,EF36BNDFSS,W11490183,Pan-utilty,Whirlpool
Husqvarna,Lawn Mower,LGT24K54,194314,Support Bracket,Husqvarna
Frigidaire,Refrigerator,FRT18G4AQE                    ,241808601,Label-nameplate,Frigidaire
Husqvarna,Lawn Tractor,TS348XD,594727101,Decal,Husqvarna
Husqvarna,Lawn Tractor,CTH150XP,532188967,Washer Hardened,Husqvarna
Kenmore,Refrigerator,10659269990                   ,799340,Use Wpl 786032,Whirlpool
Kenmore,Refrigerator,25378894016,240561701         ,Seal-water Inlet,Frigidaire
Crosley,Refrigerator,WRT8G3EWG,240578902         ,Hinge Mounting Hexagonal Screw,Frigidaire
Husqvarna,Lawn Tractor,YT42LS,817000616,Screw 3/8-16 X 1,Husqvarna
General Electric,Dishwasher,ZDT975SSJ0SS,WD01X10104        ,Clamp,GE
Echo,Pole Saw,PPF-225,A426000010,Terminal-spark Plug Cap,Echo
Frigidaire,Refrigerator,FRS26LF8CQ3                   ,5304469378,Ice Stripper,Frigidaire
Husqvarna,Lawn Tractor,YTH150,532145536,"Link, Lift, Right Hand",Husqvarna
Husqvarna,Lawn Tractor,PO17542LT,532422719,"Blade 42sp"" Premium",Poulan
Kenmore,Dryer,11062062102                   ,WPW10404617,Dryer Side Vent Hole Cover,Whirlpool
Briggs and Stratton,Engine,12F700,694059,Crankshaft,Briggs and Stratton
Frigidaire,Refrigerator,FRS26H5DSB5                   ,240317701         ,Box-control,Frigidaire
Frigidaire,Refrigerator,GLHS67EHB0                    ,5304469402,Ice Maker Shut-off Lever Cam,Frigidaire
Frigidaire,Refrigerator,GLHS68EESB7                   ,240349801         ,Crisper Pan Slide Clip - White,Frigidaire
Maytag,Refrigerator,MFI2569VEB0,12963102SP,Support-ev,Whirlpool
General Electric,Dryer,GTR12BAXBB,WS01F00112,Manninglas With Foil,GE
Frigidaire,Refrigerator,GLHS66EEB1                    ,241657504         ,Upper Freezer Fixed Shelf,Frigidaire
Echo,Trimmer,GT-225,69901203330,Spacer,Echo
Frigidaire,Refrigerator,GLHS67EHSB1                   ,218359202         ,Screw,Frigidaire
Frigidaire,Refrigerator,FGUS2632LP0,241639502,Blade-condenser Fan,Frigidaire
General Electric,Refrigerator,GSRC3QGXHFWW,WR20M21,No Longer Available,GE
General Electric,Refrigerator,GSRC3KLZAFWW,WR02X12060        ,Bracket Fz Tower Lower,GE
Frigidaire,Refrigerator,FRS6LF7FQ7                    ,240505801         ,Light Switch,Frigidaire
Frigidaire,Refrigerator,FRS6LF7GS4                    ,5308000010        ,Evaporator Fan Blade,Frigidaire
Husqvarna,Lawn Tractor,LTH171,532187690,Washer-spacer,Husqvarna
General Electric,Dryer,PCVH565GH0WW,WE17X10010,Drive Motor,GE
Troy-Bilt,Lawn Tractor,13AX60KH011,748-04068,"Spacer, .710 Id X .125 Od X .56",MTD
General Electric,Refrigerator,PNE25JGKAKBB,MWFP,Refrigerator Ice And Water Filter,GE
Crosley,Refrigerator,CRTE183AWB                    ,240352702,Box,Frigidaire
Frigidaire,Refrigerator,GLHS68EEQ4                    ,5304459910        ,Screw,Frigidaire
Husqvarna,Lawn Mower,YTH20K46,873540600,Nut-crown Lock 3/8-24 Unf,Husqvarna
Husqvarna,Lawn Tractor,CTH180XP,532180432,"Decal, Fender 100 Db/ce",Husqvarna
Frigidaire,Refrigerator,FRS26KF6EM1                   ,5304408582        ,Screw,Frigidaire
General Electric,Refrigerator,PNE25JGKCKBB,WR01L11086,Door Foam Fz Assembly Black,GE
General Electric,Refrigerator,GFMS140ED1WW,WR01X11046,Screw Leveling Assembly,GE
Frigidaire,Refrigerator,FRS26KF6EWE,240451900         ,Refrigerator Door - White,Frigidaire
Frigidaire,Refrigerator,FRS26LH5DS9                   ,241550701         ,Grommet-shelf Mounting,Frigidaire
General Electric,Refrigerator,DSR25UGTABB,WR78X11643        ,Door Foam Assembly Fz Bb,GE
General Electric,Dryer,PCVH565EH0WW,WE1M566           ,Gasket Seal Side Front S,GE
Kenmore,Dryer,11063062102                   ,49621,Leveling Foot,Whirlpool
Amana,Refrigerator,SL22JB-P1116005W,R0170041          ,"Low Side Assembly (consists Of C8972101 Accumulator, 10190101 Evaporator, D7797301 Heat Exchanger)",Maytag
Kenmore,Refrigerator,25353714304                   ,3206339           ,Screw-timing Stop,Frigidaire
General Electric,Refrigerator,ZIDS240BASS,WB25T10064        ,Lamp Halogen 20w,GE
Frigidaire,Refrigerator,FFTR1821TWB,240410201         ,Freezer Door - White,Frigidaire
Maytag,Refrigerator,MSD2574VEB10,W10138584,"Hinge Cover, Fc (apollo Gray)",Whirlpool
Husqvarna,Lawn Tractor,PO17542LT,532190752,Extension Steering Shaft,Husqvarna
General Electric,Dryer,UPVH880GJ0WW,WE1M726,Back Button - White,GE
Husqvarna,Lawn Tractor,1848XP,532188263,Lens Right Hand,Husqvarna
General Electric,Refrigerator,ZIS480NHB,WR02X12839,Grille Sensor,GE
General Electric,Refrigerator,GSE26GSEDCSS,WR1X2027          ,Door Closure Spring,GE
Frigidaire,Refrigerator,FRS26RLECSF                   ,241657504         ,Upper Freezer Fixed Shelf,Frigidaire
Kenmore,Dryer,11064084200                   ,279787            ,Drive Motor With Threaded Shaft - 120v 60hz,Whirlpool
Kenmore,Refrigerator,2535568340N,241676301         ,Rotation Stop,Frigidaire
Amana,Refrigerator,ASD2520WRW00,WP2260503B,"Button, Water Filter (black)",Whirlpool
Husqvarna,Lawn Tractor,CTH171,532437458,Bracket Shift Mount,Husqvarna
Frigidaire,Refrigerator,FRS6LE4FB6                    ,240545302         ,Water Tank Assembly,Frigidaire
General Electric,Refrigerator,GLR25UGTABS,WR21X10124        ,Basket Wire Slideout Fz,GE
Husqvarna,Lawn Mower,YTH20K46,532138468,Tire R T 20 X 8-8 Service,Husqvarna
Frigidaire,Refrigerator,GLHS68EJW1,240356501         ,Meat Drawer Rail - Right Side,Frigidaire
Kenmore,Refrigerator,25357102603,218755504         ,Screw,Frigidaire
Crosley,Refrigerator,WRS26MR4JB5,5304496561,Temperature Control Thermostat,Frigidaire
Frigidaire,Refrigerator,GLRS267ZCQ3                   ,240351702         ,Bin,Frigidaire
Poulan,Lawn Tractor,PD1842ST,819211621,Washer Pltd 21/32 X 1 X 21ga (ayp Part Number),Poulan
Norge,Dryer,7835A,53-0852           ,Motor Bracket,Maytag
General Electric,Refrigerator,ZISB420DHA,WR02X10951        ,Bhng Arm Nylon Ff Door Cl,GE
Frigidaire,Refrigerator,FLS26Z2GKW1,240328402         ,Upper Hinge Bearing,Frigidaire
Briggs and Stratton,Engine,120400,499641,Valve-intake,Briggs and Stratton
Gibson,Range,CEA1M2WSTB                    ,3281089           ,Nut-start Switch,Frigidaire
Frigidaire,Refrigerator,FRS6LF7FB2                    ,241651601         ,Harness-wiring,Frigidaire
Bolens,Lawn Tractor,13WC762F065,710-0599,Tt Screw 1/4-20 X 0.5,MTD
General Electric,Dryer,GMMP280ED2WS,WD21X10261        ,Interlock Switch,GE
Briggs and Stratton,Engine,126300,691024,Clamp-casing,Briggs and Stratton
General Electric,Dryer,GMMN120WL0WW,WE10X25714,Door Assembly,GE
Husqvarna,Lawn Tractor,LR120,532003146,"Clip, Hairpin",Husqvarna
Kenmore,Refrigerator,25331842108                   ,240354401         ,Upper Hinge Cover,Frigidaire
Frigidaire,Refrigerator,GLRS64ZEQ9                    ,240343002         ,Basket Hanger - Right Side,Frigidaire
Frigidaire,Refrigerator,FRS26F5AQ6                    ,5304493021,Dispenser Actuator Kit - Black,Frigidaire
Husqvarna,Lawn Tractor,20B42T,532408607,Grille/lens Asm.,Husqvarna
General Electric,Dryer,PCCB330GJ3WC,WE14M104          ,Burner Asm.,GE
Kenmore,Refrigerator,10659202990                   ,2159080           ,Freezer Door Magnetic Gasket - Black,Whirlpool
Frigidaire,Refrigerator,FRS6R4EBA                     ,5303918328        ,"Heat Exchanger Kit,suction Line ,service",Frigidaire
General Electric,Refrigerator,GSH9NGYCBB,WR01X10615        ,Screw,GE
General Electric,Refrigerator,ZISS420DKBSS,WG03A01637,Foam Block Evap,GE
Husqvarna,Lawn Tractor,CTH2642TE,532169167,Bracket Bar Sway Deck Crd,Husqvarna
Echo,Trimmer,GT-225,G011000100,Hardware Pack,Echo
General Electric,Refrigerator,GSRC3KLZAFWW,WR02X13408,Grommet Base Grille,GE
Honda,Engine,GCV160LA,95001-75008-60M,Bulk Hose-fuel- 7.5x8000,Honda
Husqvarna,Lawn Tractor,PB22H46YT,587483701,"Hood, Stell",Poulan
Frigidaire,Refrigerator,GLHS66EEB5                    ,240491503         ,Screw-compressor Mt,Frigidaire
Husqvarna,Lawn Mower,96045003501,587483301,Hood Assmebly,Husqvarna
General Electric,Refrigerator,PNE25JGKBKWW,WR01L10688,Trough Drain Assembly,GE
Husqvarna,Lawn Tractor,CTH210XP,532181091,Pad Footrest Left Hand,Husqvarna
General Electric,Refrigerator,GNE22GMEAES,WR60X10209        ,Dc Condenser Fan Motor - 12v,GE
Husqvarna,Lawn Mower,96042003602,585338801,Bracket Deck Susp. Front,Husqvarna
Echo,Trimmer,GT-200I,90015205025,Bolt 5 X 25,Echo
Echo,Edger,PE-200,61020647730,Main Pipe Asy,Echo
Husqvarna,Lawn Tractor,CTH171,532009040,Bearing,Husqvarna
Frigidaire,Refrigerator,FRS26KF6EBB                   ,241649003         ,Dispenser Grille,Frigidaire
Husqvarna,Lawn Mower,LTH1842,532428867,Bolt,Husqvarna
General Electric,Refrigerator,DSRF3KGXACWW,WR24X10155        ,Fresh Food Door Gasket - White,GE
Frigidaire,Refrigerator,FRSHB5EHPB1                   ,240323002         ,Bottom Door Bin,Frigidaire
Husqvarna,Lawn Mower,96043004500,532110485,Bearing-ball-mandrel,Husqvarna
General Electric,Refrigerator,ZISS360DHASS,WR55X10025        ,Temperature Sensor,GE
General Electric,Refrigerator,PYE22PSHISS,WR01X11052,Spring Hinge Mullion,GE
Kenmore,Dryer,11062852101,341241            ,Multi Rib Belt - 92-1/4&quot;,Whirlpool
General Electric,Refrigerator,ZISS480NHASS,WR74X24673,"Grill Assembly Euro Sxs 48"""" """,GE
Frigidaire,Refrigerator,FRS26LF8CQ2                   ,241690306         ,Washer,Frigidaire
Frigidaire,Refrigerator,FRS6B6EEB0                    ,5304418225        ,Rear Roller - Black,Frigidaire
Admiral,Refrigerator,HMG531681,WP854334,Seal-strip,Whirlpool
Briggs and Stratton,Engine,126312-0560-E1,791670,Starter-rewind,Briggs and Stratton
Husqvarna,Lawn Mower,96041030800,532174873,"Wheel, Gauge",Husqvarna
Echo,Trimmer,PAS-266,61024644730,Stopper,Echo
General Electric,Dryer,PFSR465EH0WW,WR2X8693          ,Door Plug - White,GE
Husqvarna,Lawn Mower,YTH25K54,871020748,Bolt-hex (7/16-14x3),Husqvarna
Kenmore,Refrigerator,25373211010,240385201         ,Ice Container,Frigidaire
Kenmore,Refrigerator,25354664400                   ,5308000110        ,Aluminum Heater Strap,Frigidaire
Frigidaire,Refrigerator,LFSS2612TF1,241734001         ,Ice Container/bucket,Frigidaire
Frigidaire,Refrigerator,FRS6LF7FM6                    ,241690501         ,Screw,Frigidaire
Husqvarna,Lawn Tractor,CTH2038,817490608,Screw Thdrol 3/8-16 X 1/2,Husqvarna
General Electric,Dryer,PCVH680EJ1MR,WE1M562           ,Lock Button,GE
Frigidaire,Refrigerator,FRS26LF8CS7                   ,218976409         ,Water Tube,Frigidaire
Kenmore,Refrigerator,25351622101                   ,3205266           ,Edge Protector,Frigidaire
Frigidaire,Refrigerator,FRS26KF6EWA                   ,241525101         ,Chute-ice,Frigidaire
Husqvarna,Lawn Tractor,2042A,532059904,Tube Front,Husqvarna
General Electric,Dishwasher,GTMS570ED5WW,WD12X20112,Bracket Fixed,GE
Frigidaire,Refrigerator,FFHS2622MSS,5303918328        ,"Heat Exchanger Kit,suction Line ,service",Frigidaire
Frigidaire,Refrigerator,FRT18P5AW9                    ,5304418225        ,Rear Roller - Black,Frigidaire
General Electric,Refrigerator,ZFGP21HYDSS,WR02X12362,Cam Closure Fz Left Hand,GE
Amana,Refrigerator,TP22R3E-P1181603WE,10427712,"Shield, Evap.",Whirlpool
Husqvarna,Lawn Mower,GTH2648,532411935,Keychain,Husqvarna
Amana,Refrigerator,TQ18R3-P1158414WW,10549601          ,Label-caution,Maytag
General Electric,Dryer,RUXR453EB2WW,WE1M461           ,Retainer O-ring,GE
Crosley,Refrigerator,CRSH268MS4,5304456666        ,Screw,Frigidaire
Maytag,Refrigerator,MSD2273VEB00,WP489483,Screw,Whirlpool
Amana,Refrigerator,SDI22F-L-P7700005WL,C3680309,Switch,Whirlpool
General Electric,Dryer,PDSR483EH6WW,WE05X20431,Light Bulb,GE
Frigidaire,Refrigerator,FTHD18P4KB0,240372410         ,Deli Drawer Cover Frame,Frigidaire
Norge,Dryer,8215A,25-7817           ,"Clip, U-type",Maytag
Husqvarna,Lawn Mower,96048005700,532441544,Nan,Husqvarna
General Electric,Dryer,GUD27ESMJ1WW,WE9M31,Top Bearing Felt,GE
Kenmore,Dryer,11074996300                   ,8541489           ,Knob,Whirlpool
General Electric,Refrigerator,PFRS2MJXASS,WR17M371,No Longer Available,GE
Husqvarna,Lawn Tractor,CTH151XP,532187915,Nan,Husqvarna
Frigidaire,Refrigerator,GLHS68EESB9                   ,241684802,Spacer,Frigidaire
Frigidaire,Refrigerator,FRS26KR4CQ3                   ,240351061,Refrigerator Crisper Drawer,Frigidaire
General Electric,Dryer,PCVH565GH2WW,WE1M587           ,Exhaust Protector Assembly,GE
Norge,Dryer,8540A,WPA3167501,Light Bulb - 120v 25w,Whirlpool
Frigidaire,Refrigerator,FRT18L4JM9,240542601         ,Clip-wiring Harness,Frigidaire
Frigidaire,Refrigerator,FRS26FCDQ0                    ,240397401         ,Water Filter Rod Retainer,Frigidaire
Husqvarna,Lawn Mower,LTH154,532176138,Switch Interlock Push-in,Husqvarna
Kenmore,Refrigerator,25355692407,241547902,Switch-light,Frigidaire
General Electric,Dryer,RBXR463GD1WW,WE1M1011,Door Latch,GE
General Electric,Dryer,GUSR493EB9WW,WE4M160           ,Safety Thermostat,GE
Husqvarna,Lawn Mower,CTH164T,587464501,Bezel Left Hand,Husqvarna
Husqvarna,Lawn Tractor,GTH220,532182642,Spin On Filter,Husqvarna
General Electric,Refrigerator,ZFGP21HZJSS,WR01X10602        ,Scr 8-32 Ab Ihws 3/8 S,GE
Briggs and Stratton,Engine,120400,693595,Discontinued,Briggs and Stratton
General Electric,Dryer,GUXR353EE0WW,WE10X20468,Outer Door White,GE
Frigidaire,Refrigerator,PLHS268ZCB3                   ,218515402         ,Clip,Frigidaire
Frigidaire,Refrigerator,FRT8G6FB2                     ,240405201         ,Condenser Coil Grommet,Frigidaire
Frigidaire,Refrigerator,FRS6R5ESBH                    ,5304455655        ,Rivet,Frigidaire
Poulan,Lawn Tractor,PR25PH48STA,532152927,Screw,Husqvarna
Husqvarna,Lawn Tractor,LZ12597RB,532165588,Bracket Support Shift Crd,Husqvarna
Frigidaire,Refrigerator,FRS6LE4FW7                    ,240351207         ,Lower Crisper Pan,Frigidaire
Admiral,Refrigerator,HMG531680,61004896,Upper Hinge,Whirlpool
Frigidaire,Refrigerator,PHS6KR5JSB1,240376002         ,Water Filter Cover - White,Frigidaire
General Electric,Dryer,GFMS355GL0MV,WE1M925,Door Outer Ring,GE
Husqvarna,Lawn Mower,LTH2038R,532130969,V-belt-drive,Husqvarna
General Electric,Refrigerator,39639USXAGV,WR01F00647,Cover Back Ff Eps,GE
Husqvarna,Lawn Mower,96043004800,532199535,Shield Browning,Husqvarna
General Electric,Dryer,GFMN120ED1WW,WW03L00186,Filter And Mesh Assembly,GE
Kenmore,Refrigerator,10659207993                   ,4210463RW,Cleaning Brush,Whirlpool
General Electric,Dryer,GUSR465GB6WW,WE1X921           ,Motor Strap,GE
General Electric,Refrigerator,ZIS420NHB,WR38X10271        ,Handle Trim,GE
Frigidaire,Refrigerator,GLRS267ZAW6                   ,241674402         ,"Channel,auger Mounting ,rh",Frigidaire
Husqvarna,Lawn Tractor,CTH2542T,532120183,Bearing Nylon,Husqvarna
General Electric,Refrigerator,ZISS480DKBSS,WR17X10706        ,Dispenser Door Recess Crank,GE
General Electric,Refrigerator,ZFGP21HZJSS,WR02X12187        ,Shelf Support,GE
Frigidaire,Refrigerator,FRS26LH5DSC                   ,5303001199        ,Clamp-wiring Harnes,Frigidaire
Husqvarna,Lawn Mower,YTH18542,532175553,Clip Steering .750,Husqvarna
Maytag,Refrigerator,MFX2571XEW2,W11159728,Gasket,Whirlpool
Husqvarna,Lawn Mower,2348LS,529910801,Gauge,Husqvarna
Kenmore,Refrigerator,25364842406,5303918234        ,Hot Tube Repair Kit,Frigidaire
Maytag,Refrigerator,MSD2574VEA00,WP2315549,Evaporator Fan Motor,Whirlpool
Amana,Refrigerator,SRI19F-L-P7700004WL,D7699601,"Harness, Liner",Whirlpool
General Electric,Refrigerator,TBX22PRBSRWW,WR12X10241        ,Tail & Bracket Assembly,GE
Echo,Trimmer,PAS-280,90060500008,Spring Washer 8,Echo
Whirlpool,Dryer,LEB6200KQ2                    ,3401684           ,Wire,Whirlpool
Frigidaire,Refrigerator,FRS26KF6EBG,240350603         ,Pan Cover Insert,Frigidaire
Amana,Refrigerator,SZDE20K-P1117601W,10181201          ,"Harness, Machine Compartment",Maytag
General Electric,Dishwasher,ZDT870SSF5SS,WR01X10380        ,Scr 8-18 Ab Tsq 5/8 Stainless Steel,GE
Amana,Refrigerator,AFI2538AES7,EDR4RXD1,Refrigerator Water Filter,Whirlpool
General Electric,Dryer,PDVH515GF4WW,WE1M578           ,Door Outer Window,GE
General Electric,Dryer,PDSR483GH3WW,WE2X263D          ,Screw Kit - Package Of 12,GE
Maytag,Refrigerator,MSD2574VEB11,W10858105,Tube,Whirlpool
General Electric,Dryer,GUAN275ED1WW,WE2M202           ,Screw,GE
General Electric,Dryer,PCVH565GH0WW,WE1M642           ,Adjustable Leveling Screw,GE
General Electric,Refrigerator,GSRS3QGXAFSS,WR60X10258,Auger Motor,GE
Frigidaire,Refrigerator,GLHS69EFPW0                   ,241689001         ,Spring-actuator,Frigidaire
General Electric,Dryer,PCSB330EC2WC,WE11X29438,Diffuser,GE
Amana,Refrigerator,SGD26VL-P1315208WL,12415702,Owners Manual (am Sxs),Whirlpool
Frigidaire,Refrigerator,FFHS2622MBQA,241690501         ,Screw,Frigidaire
Husqvarna,Lawn Tractor,2548B,532003146,"Clip, Hairpin",Husqvarna
Husqvarna,Lawn Tractor,GTH2250,874780616,"Bolt, Hex 3/8-16 X 1",Husqvarna
Kenmore,Refrigerator,25354732300                   ,218779307         ,Trim-handle,Frigidaire
Frigidaire,Refrigerator,FRS26BH6CB4                   ,240349402         ,Channel-shelf Mounting,Frigidaire
Jenn-Air,Refrigerator,JFI2089AEP2,WPW10190981,Ice Maker Assembly,Whirlpool
Echo,Trimmer,PAS-225,15911621231,Clamp,Echo
Frigidaire,Refrigerator,FFHT2117LW6,241697602,Pan-defrost,Frigidaire
General Electric,Refrigerator,PSDS5YGXAFSS,WR01L01122,Plenum Evap Assembly,GE
General Electric,Dryer,GMMP280ED4WS,WE2M302,Screw,GE
Husqvarna,Lawn Tractor,TS138,532439681,"Pad, Footrest, Left Hand",Husqvarna
Husqvarna,Lawn Tractor,GTH260,532196105,Spring Drive,Husqvarna
Frigidaire,Refrigerator,FRS26XABW1                    ,5304455852        ,Screw,Frigidaire
General Electric,Dryer,662410,WE10X20468,Outer Door White,GE
Kenmore,Refrigerator,25354733301                   ,218781101         ,Pan Head Screw,Frigidaire
General Electric,Dryer,GMMN120WL0WW,WG04F07317,Cntrl Pnl Asm White,GE
General Electric,Refrigerator,PFSF1NFXABB,WR02X12008        ,Evaporator Fan Grommet - Red,GE
General Electric,Refrigerator,ZISS360DKBSS,WR02X13054,Cover Water Lines,GE
Frigidaire,Refrigerator,GLHS68EGPW5                   ,5304458380        ,Gear,Frigidaire
Frigidaire,Refrigerator,FRSH6KR5JB0                   ,5308000110        ,Aluminum Heater Strap,Frigidaire
Frigidaire,Refrigerator,PLHS67EGSB6                   ,242221501,Auger Motor,Frigidaire
Frigidaire,Refrigerator,FRS26R4CBS                    ,241577302         ,Cover-rear Auger,Frigidaire
Husqvarna,Lawn Mower,YTH22V42,532439682,"Pad, Footrest, Right Hand",Husqvarna
Echo,Trimmer,SRM-210i,89541220960,Hex Bar,Echo
Norge,Dryer,8635A,WP90767,"Screw, 8/18 X 3/8",Whirlpool
Poulan,Lawn Tractor,PBGT26H54,412895,Cable Start Red 17.5&#34; 6 Ga.,Poulan
General Electric,Dryer,PDSR405GD1WW,WH01X10106        ,D-shaped Knob Clip,GE
Kelvinator,Refrigerator,KATR1816MS4,240350608         ,Crisper Glass Shelf Insert,Frigidaire
Husqvarna,Lawn Tractor,YTH22V46,532435395,Cover Terminal Battery,Husqvarna
Husqvarna,Lawn Tractor,GTH2548,874490548,Bolt Hex Flghd 5/16-18 X 3 Gr. 5,Husqvarna
Amana,Refrigerator,ASD2524VEW02,8201515           ,Icemaker Motor Kit,Whirlpool
Husqvarna,Lawn Mower,96051000802,583365901,Frame.asm.top.bagger.srd,Husqvarna
Husqvarna,Leaf Blower / Vacuum,155BT,531003712,Starter Pulley,Husqvarna
Frigidaire,Refrigerator,FRS6HR5HW6                    ,5304469396,Shutoff Arm Spring,Frigidaire
Husqvarna,Lawn Tractor,CTH180XP,532126875,Rivet Rd Hd Drilled 3/8 Dia,Husqvarna
Norge,Dryer,7435A,M0217225,Screw,Whirlpool
Jenn-Air,Refrigerator,JFC2089HTB4,12225602,Evaporator Support - Left Side,Whirlpool
Frigidaire,Refrigerator,FRS26R4CB1                    ,240491503         ,Screw-compressor Mt,Frigidaire
Frigidaire,Refrigerator,FRS26R4CQD                    ,5304502515,Lower Handle Trim K,Frigidaire
Frigidaire,Refrigerator,FRS26BRDSB3                   ,5304420655        ,Screw,Frigidaire
Westinghouse,Refrigerator,WRS26MF5ASR                   ,240518802         ,Pin-push,Frigidaire
Husqvarna,Lawn Tractor,PB22H46YTX,73900600,Bolt Hex 3/8-16 X 1-1/2,Poulan
Husqvarna,Lawn Tractor,1542XPE,532170803,Control Throt Flg,Husqvarna
Frigidaire,Refrigerator,FRT18L4JBK,240312422,Door Stop - Black,Frigidaire
Whirlpool,Refrigerator,GX5SHTXTB11,WPW10169124,Grommet,Whirlpool
Frigidaire,Refrigerator,LFSS2612TE0,241675803,Ice Solenoid,Frigidaire
Whirlpool,Dryer,LEQ9030PQ1                    ,WP18776,Front Top Lock,Whirlpool
Husqvarna,Lawn Mower,96043011005,532003366,Bearing,Husqvarna
Husqvarna,Lawn Mower,LTH2038R,532192872,Shaft And Bearing Assembly,Husqvarna
General Electric,Dryer,GFMS150GD0WW,SEE ASSEMBLY,Not Sold Separately,GE
Husqvarna,Lawn Tractor,2748GLS,539990118,Washer 3/8 Splt Lock,Husqvarna
Husqvarna,Lawn Tractor,2148,532174997,Dash Lower Stlt,Husqvarna
General Electric,Refrigerator,GFMS170GHOWW,WR17X12793,Water Tank Disp Assembly,GE
Maytag,Refrigerator,MSD2572VES03,WPW10219801,Bracket,Whirlpool
Frigidaire,Refrigerator,FFHT1816LK7,5304455650        ,Hex Head Screw,Frigidaire
Husqvarna,Lawn Tractor,2454T,532400776,Screw 10-24 X 5/8,Husqvarna
Husqvarna,Lawn Mower,CT126,874780512,Screw,Husqvarna
Briggs and Stratton,Engine,12J800-1738-A1,298908,Pin-piston (.005 Oversize),Briggs and Stratton
General Electric,Refrigerator,ZISB480DXC,WR21X10055        ,Fz Basket Assembly,GE
General Electric,Dryer,GFMN110GL0WW,WE1X1076          ,Leak Limiter,GE
Briggs and Stratton,Engine,205400,691168,Lock-screw Head,Briggs and Stratton
Frigidaire,Refrigerator,FFHT1826LW5,240516502         ,Lower Hinge Pin,Frigidaire
Frigidaire,Refrigerator,FRS6LR5EW6                    ,240360801         ,Thermostat Knob - White,Frigidaire
Kenmore,Refrigerator,25355673408,240362101         ,Crisper Cover Clip,Frigidaire
General Electric,Refrigerator,ZFSB25DTBSS,WR32X10154        ,Dial Pan Chill,GE
Husqvarna,Lawn Tractor,YTH1542XP,532174573,Strap,Husqvarna
Husqvarna,Lawn Tractor,CTH150XP,532180376,Rod,Husqvarna
Whirlpool,Washer Dryer Combo,LTE6243AN2,3350145           ,Shield,Whirlpool
General Electric,Dryer,RBXR463EH2WW,WD02X10057        ,Screw,GE
Frigidaire,Refrigerator,FRS26FCDB3                    ,218976409         ,Water Tube,Frigidaire
Husqvarna,Lawn Mower,TS138L,532123583,Key,Husqvarna
Maytag,Refrigerator,MCD2358WEW01,WP978025,"Valve, Access (1/4``)",Whirlpool
Husqvarna,Lawn Mower,96041020403,873680400,"Locknut, Hex 1/4-20",Husqvarna
General Electric,Dryer,PCVH565EH2MB,WE1M710           ,Door Hinge Assembly - Plated,GE
General Electric,Dryer,PCVH565GH1WW,WE4X692           ,M-series Primary Dual Coil Gas Valve,GE
Husqvarna,Lawn Tractor,CTH135,532145006,Clip Push-in Hinged,Husqvarna
Frigidaire,Refrigerator,FRS26KF6CW3                   ,241796405,Water Tube,Frigidaire
Frigidaire,Refrigerator,FRS26KR4CB3                   ,241689301         ,Damper-rotary,Frigidaire
General Electric,Range,PDT760SSFSS,WW03L00063,Shield Top,GE
Frigidaire,Refrigerator,GLRS64ZEB7                    ,5304455699        ,Screw,Frigidaire
Husqvarna,Lawn Tractor,PBA195H42LT,124028X,Bushing Snap Nyl Black Fuel Line,Husqvarna
Husqvarna,Lawn Tractor,PR25PH48STB,532193003,Bolt And Washer Assembly,Husqvarna
Crosley,Refrigerator,WRS26MR4JW1,218249808         ,Seal-coil Cover,Frigidaire
Husqvarna,Lawn Mower,96045001504,532187256,Blade Bagging,Husqvarna
Frigidaire,Refrigerator,GLHS280ZAW3                   ,218249808         ,Seal-coil Cover,Frigidaire
Kenmore,Refrigerator,10650562990                   ,W11596045,Arm-contrl,Whirlpool
Husqvarna,Lawn Tractor,YTH18K46,874780520,Bolt,Husqvarna
General Electric,Dryer,PCVH565EH3BB,WE2M196           ,Screw #8,GE
Husqvarna,Lawn Tractor,YTH24V48LS,539112050,Bearing,Husqvarna
Kenmore,Refrigerator,25354679301                   ,5304455846        ,Clamp,Frigidaire
Gibson,Refrigerator,GRS26F5AW6                    ,5304482075,Control Box With Damper,Frigidaire
Frigidaire,Refrigerator,BFHS2611LM0,241850615,Ice Maker Fill Tube Assembly,Frigidaire
General Electric,Dryer,RBXR463GB0WW,WE3M26            ,Front Drum Bearing,GE
Westinghouse,Refrigerator,WRS26MF5AQ5                   ,5303918255        ,Defrost Heater Kit,Frigidaire
General Electric,Dishwasher,ZDT870SPF7SS,WD08X10092,Door Vent Seal,GE
Troy-Bilt,Lawn Tractor,13WN77KS211,925-04082,"Harness, Lt-5, No Rmc",MTD
General Electric,Dishwasher,ZDT975SPJ0SS,WG04A03498,Bracket Bolt Retainer,GE
Frigidaire,Refrigerator,FRT18G4AQM                    ,240350608         ,Crisper Glass Shelf Insert,Frigidaire
Husqvarna,Lawn Tractor,2146XP,538691201,Welded Wheel Spindle - Right,Husqvarna
Echo,Trimmer,SRM-210i,C507000260,Liner-flexible,Echo
Kenmore,Refrigerator,25353674301                   ,241684203,"Fixed Blade,square",Frigidaire
Husqvarna,Lawn Tractor,WP145H42G,532127218,"Link, Front",Husqvarna
Kenmore,Dryer,11084834200                   ,350930            ,Spray Paint - 12 Oz. - White,Whirlpool
Kenmore,Refrigerator,25363754302                   ,240500801         ,Tube-drain,Frigidaire
Echo,Trimmer,SRM-225,90152Y,Tune-up Kit,Echo
General Electric,Dryer,672411,WE2X263D          ,Screw Kit - Package Of 12,GE
General Electric,Refrigerator,PWE23KMDDES,WR02X13684,Filter Manifold,GE
General Electric,Dryer,RUXR453EB9WW,WE14X20421,Exhaust Duct,GE
Husqvarna,Lawn Tractor,YTH1542XP,812000001,E-ring Number 5133-75,Husqvarna
General Electric,Refrigerator,GSRS3KLZDFSS,WR17M331,Light Shield Extruded,GE
Husqvarna,Lawn Tractor,PP22H50KA,532121249,"Spacer, Split",Husqvarna
General Electric,Dryer,GFD45ESMK0DG,WW02A00113,Support Leveler Leg,GE
Kenmore,Refrigerator,25354623407,241885001,Dispenser Crusher Housing,Frigidaire
General Electric,Dishwasher,GTMS570ED5WW,WG04F09569,Control Box Bottom,GE
General Electric,Refrigerator,GSRS3KLXGFSV,WR01F00699,Diverter Air,GE
General Electric,Dryer,PDVH515GF0GG,WE20M383,Side Panel - Granite,GE
Husqvarna,Lawn Mower,YTH22V42,532180166,Bracket Pivot Fender,Husqvarna
Amana,Refrigerator,SRI25F-G-P7700006WG,C8871201,Discontinued,Whirlpool
Husqvarna,Lawn Tractor,CT131,596134801,Left Top Locknut,Craftsman
Kenmore,Refrigerator,10651542100                   ,W10850503,Guide,Whirlpool
Husqvarna,Lawn Tractor,CTH171,596337801,Bolt 3/8-16 X 2-1/2 Carriage,Husqvarna
Husqvarna,Lawn Tractor,YTH1848XP,532105709,Spring-return-clutch,Husqvarna
Husqvarna,Lawn Tractor,CTH2642TRE,532440428,Nan,Husqvarna
General Electric,Washer,GUAP270EM0WW,WH2X1217          ,Screw,GE
Frigidaire,Refrigerator,FRS26KF6DB2                   ,241676301         ,Rotation Stop,Frigidaire
Frigidaire,Refrigerator,GLHS269FPB0                   ,241688901         ,Door Spring,Frigidaire
Husqvarna,Lawn Mower,96048006200,582033001,Chassis,Husqvarna
Briggs and Stratton,Engine,286700,691065,"Stator, Alternator (tri Circuit, 9amp Regulated)",Briggs and Stratton
Whirlpool,Dryer,7EWED1510YM0,WP3406107,Dryer Door Switch,Whirlpool
Husqvarna,Lawn Tractor,CT151,532409149,"Nut, Hex, Flangelock",Husqvarna
Yard Machines,Lawn Tractor,13AC762F000,936-0316,"Washer, Flat, .78 X 1.59 X .060",Troy-Bilt
Briggs and Stratton,Engine,124T02-3847-EA,262652S,Valve-intake,Briggs and Stratton
Husqvarna,Lawn Mower,LT19538R,581724601,Decal.chassi,Husqvarna
Echo,Trimmer,SRM-210,12901152730,Bracket,Echo
Kenmore,Refrigerator,10658599893                   ,WP2179234,"Trim, Meat Pan",Whirlpool
General Electric,Dryer,GUSR485EC0WW,WW01L01130,End Cap ( Right Hand ),GE
General Electric,Dryer,RVXR353EB0WW,WE20M301          ,Panel Rear (6'cu),GE
Norge,Dryer,8440A,25-7855,Retaining Ring,Whirlpool
Frigidaire,Refrigerator,GLHS65EHW2                    ,218252201         ,Screw,Frigidaire
Husqvarna,Lawn Tractor,YTA24V48,501204101,Decal Tractor Side Panel Sdpnl,Husqvarna
Roper,Dryer,RES7745RQ0                    ,WP691366,Idler Pulley Assembly,Whirlpool
General Electric,Refrigerator,GSRL3KLXHFLB,WR01X10684,Clamp Cable,GE
Frigidaire,Refrigerator,FRT18LN5BW6                   ,218362501         ,Screw,Frigidaire
Husqvarna,Lawn Tractor,YT42DXLS,538690501,Spindle,Husqvarna
Frigidaire,Refrigerator,PHS67EHSB2                    ,240396002         ,Water Filter Base,Frigidaire
General Electric,Refrigerator,ZISB480DHC,WG03L07708,Glass Touch Disp Asm Black,GE
Whirlpool,Dryer,CSP2761TQ0                    ,279737            ,Timer With Cams,Whirlpool
Frigidaire,Refrigerator,LGUS2642LF2,240362201         ,Humidity Control Slide,Frigidaire
Briggs and Stratton,Engine,12F700,691242,Pin-float Hinge,Briggs and Stratton
General Electric,Dryer,QNXR353EB0WW,WD02X10057        ,Screw,GE
Maytag,Refrigerator,MFC2061KES12,WP33001882,Screw,Whirlpool
Husqvarna,Lawn Tractor,LTH2142D,532065139,Stem Valve,Husqvarna
General Electric,Dryer,PDSR483GH4WW,WE1M527           ,Front Bracket Level Leg,GE
Frigidaire,Refrigerator,GLHS67EHB6                    ,5304469384,Ice Cube Ejector,Frigidaire
Gibson,Range,CEA1M2WSTA                    ,5308011964        ,"Surface Burner Coil Element - 8"" - 2100w",Frigidaire
Amana,Refrigerator,SGD26VL-P1315208WL,12308704,Door- Dair,Whirlpool
Frigidaire,Refrigerator,FRS26HR4AQ1                   ,5304469401,Spring,Frigidaire
Frigidaire,Refrigerator,FRS6R4EW9                     ,241684802,Spacer,Frigidaire
General Electric,Refrigerator,PSC23MGTDWW,WR01L04431,Switch Fz - Wr23m176,GE
General Electric,Dryer,PDVH515GF4WW,WE1M504           ,Drum Bearing Slide - White (sold Individually),GE
Husqvarna,Lawn Mower,YTH2348,873800500,Nut Lock 5/16-18,Husqvarna
General Electric,Refrigerator,PSRS6YGZADSS,WR17X12872,Shield Insert Plenum,GE
Husqvarna,Lawn Tractor,GTH220,532000278,Fitting Grease,Husqvarna
Frigidaire,Refrigerator,FGHS2631PP0,241786001,Fresh Food Door Gasket - White,Frigidaire
Husqvarna,Lawn Mower,TC242T,596029401,Retainer Clip,Husqvarna
Frigidaire,Refrigerator,GLHS65EHB2                    ,218252201         ,Screw,Frigidaire
Frigidaire,Refrigerator,FRS26DR7DS4                   ,241688301         ,Bearing Plate,Frigidaire
Frigidaire,Refrigerator,FRS26KR4CQ0                   ,5304455852        ,Screw,Frigidaire
Frigidaire,Refrigerator,FRS26BH6CW2                   ,240328401         ,Hinge Bearing,Frigidaire
Husqvarna,Lawn Mower,96043014001,585338801,Bracket Deck Susp. Front,Husqvarna
Husqvarna,Lawn Tractor,PO15538LT,124181X,"Spring, Seat",Poulan
Frigidaire,Refrigerator,FFSS2614QS5A,240518802         ,Pin-push,Frigidaire
Whirlpool,Dryer,LER6621PQ0                    ,N/A               ,"Hood, Canopy Non-serviceable",Whirlpool
Husqvarna,Lawn Tractor,LT1538-LT1538D,532183379,Lens Right Hand,Husqvarna
Kenmore,Refrigerator,25373012300                   ,240438003,Evaporator Bracket And Grommet,Frigidaire
Husqvarna,Lawn Tractor,PP22H50KA,532142919,Control Arm,Husqvarna
Husqvarna,Lawn Tractor,TC138,532196314,Spring Torsion,Husqvarna
General Electric,Dryer,PHDVH57GH2BB,WE6M626,No Longer Available,GE
Frigidaire,Refrigerator,GLRS267ZDQ1                   ,240555002         ,Screw-#8-32 X 3/8,Frigidaire
Husqvarna,Lawn Tractor,GT52XLS,596030701,Screw,Husqvarna
Husqvarna,Lawn Tractor,CTH220,532197199,Bezel Left Hand,Husqvarna
General Electric,Dryer,QNSR483GD1WW,NOTE06,Not Used,GE
General Electric,Refrigerator,PFRS2MJXASS,WR02X12805,Reflector Lamp Fz,GE
General Electric,Refrigerator,GSRL3KLXAFLB,WR01L01111,Cover Water Filter,GE
Echo,Trimmer,SRM-210,13201056330,Fuel Return Tube 3x6x90mm,Echo
Husqvarna,Lawn Tractor,YT46LS,532130969,V-belt-drive,Husqvarna
Husqvarna,Lawn Tractor,2548B,532171875,Screw,Husqvarna
Husqvarna,Lawn Tractor,LT2213A,810040700,"Washer, Lock 7/16",Poulan
General Electric,Dryer,GTD45EAMJ2WS,WW02F00521,Motor And Pulley Assembl,GE
Husqvarna,Lawn Tractor,CT126,532196200,Shaft Asm. Pedal Brake Control,Husqvarna
Echo,Trimmer,SRM-210SB,X505002500,Label-caution,Echo
Frigidaire,Refrigerator,GLHS69EHSB1                   ,240342901         ,Ice Cream Shelf,Frigidaire
General Electric,Refrigerator,ZIS420NHB,WG03F05750,Baffle Left Hand,GE
Frigidaire,Refrigerator,FFHS2622MQJ,241850615,Ice Maker Fill Tube Assembly,Frigidaire
Kenmore,Refrigerator,2537888401E,242117500,Installation Instru,Frigidaire
Norge,Dryer,7435A,WP53-0120,Single Front Panel Clip,Whirlpool
Amana,Refrigerator,SDI22F-G-P7700005WG,12096901,Discontinued,Whirlpool
General Electric,Refrigerator,39631UGXAWW,WR13X10137        ,Hinge Bottom & Pin Assembly,GE
General Electric,Dryer,PVXR363EH3WW,WD02X10057        ,Screw,GE
Husqvarna,Lawn Mower,CTH194,817000616,Screw 3/8-16 X 1,Husqvarna
Frigidaire,Refrigerator,FGUS2666LE0,241812301,Washer-compr Mounting,Frigidaire
Husqvarna,Lawn Mower,YTH20B42T,583612701,Nut,Husqvarna
Maytag,Refrigerator,MFX2571XEW3,W10216919,Screw,Whirlpool
Husqvarna,Lawn Tractor,YTH1542XP,532166626,Cap Wheel Steering,Husqvarna
Frigidaire,Refrigerator,FRT18FP5DW4                   ,240381301         ,Plug - Hinge Bearing Cover,Frigidaire
Frigidaire,Refrigerator,FGEX26D6QF0,241690402         ,Pin-spiral,Frigidaire
General Electric,Dryer,PCVH640GJ2WW,WE4M398,Inlet Control Thermostat,GE
Husqvarna,Lawn Tractor,PB195H46YT,817600406,Screw 1/4-20 X 3/8,Husqvarna
General Electric,Refrigerator,DSRF5KGXCEWW,WR01A00654,Scr 10-32 Tt Hxws 1,GE
Husqvarna,Lawn Tractor,WET2242STB,532121748,Washer 25/32 X 1-5/8 X 16 Ga.,Husqvarna
Kenmore,Refrigerator,10658582891                   ,978030            ,Valve,Whirlpool
Husqvarna,Lawn Tractor,YTH22V46,596136201,Bolt,Husqvarna
Kenmore,Refrigerator,25374844400                   ,240443909         ,Glass-shelf,Frigidaire
Frigidaire,Refrigerator,FRS26KF5DQ0                   ,5303918214        ,Defrost Thermostat Kit,Frigidaire
Kenmore,Refrigerator,25354744300                   ,215503203         ,Screw,Frigidaire
Frigidaire,Refrigerator,FRS6HR5JQ0                    ,5304456689        ,Washer,Frigidaire
Frigidaire,Refrigerator,GLHS69EJPB0                   ,241642601         ,Harness-wiring,Frigidaire
Husqvarna,Lawn Tractor,2448T,597023501,Shaft Assembly,Husqvarna
General Electric,Dryer,GTMP280GD4WW,WW01A00581,Use & Care Manual,GE
General Electric,Refrigerator,GSRC3QGXGFBB,WR55X10859,Dispenser Touchpad - Black,GE
Husqvarna,Lawn Tractor,18542B,532132264,"Roller, Nose",Husqvarna
Amana,Refrigerator,SDI22GL-P7745505WL,C3680309,Switch,Whirlpool
Husqvarna,Lawn Mower,GTH2454T,580457401,Spacer Trans.,Husqvarna
General Electric,Refrigerator,PYE22PSHISS,WR78X37411,Freezer Drawer Front - Stainless Steel,GE
Frigidaire,Refrigerator,FRS26HR4DB5                   ,5304420653        ,"Support,phenolic",Frigidaire
Frigidaire,Refrigerator,GS26HSZCC0                    ,218976907         ,Tube-water Inlet,Frigidaire
Briggs and Stratton,Engine,123K00,493880S,Terminal-spark Plug,Briggs and Stratton
Maytag,Refrigerator,MFI2569VEA1,12806601,Housing- L,Whirlpool
Frigidaire,Refrigerator,GLHS68EGPW3                   ,218755402         ,Screw,Frigidaire
Kenmore,Refrigerator,10659707991                   ,978030            ,Valve,Whirlpool
Briggs and Stratton,Engine,21T200,796137,Kit-carb Overhaul,Briggs and Stratton
Frigidaire,Refrigerator,GLHS69EHSB0                   ,240351301         ,Base-crisper Light,Frigidaire
General Electric,Dryer,GTMX180GD5WW,WW03L00308,Outer Door,GE
Frigidaire,Refrigerator,FFHS2626LE0,241688301         ,Bearing Plate,Frigidaire
Jenn-Air,Refrigerator,JFI2089AEP8,WP67006313,Door Chiller Bin,Whirlpool
Frigidaire,Refrigerator,FRS6LF7FW7                    ,240518802         ,Pin-push,Frigidaire
General Electric,Refrigerator,PNR22LGEBFBB,WR17X13124,Cover Water Line,GE
Frigidaire,Refrigerator,FRS6R4EB6                     ,241734201         ,Front-ice Container,Frigidaire
Crosley,Refrigerator,CRSH268MW3,241690602,Screw,Frigidaire
General Electric,Refrigerator,DSRS5KGXIFGS,WR02X11941        ,Dispenser Auger Drive,GE
General Electric,Dryer,GNSR465EB3WW,WE14X25080,Dryer Lint Chute Assembly,GE
Husqvarna,Lawn Tractor,CT131,532428610,Tube.pnt.hdl.bagger.,Husqvarna
Husqvarna,Lawn Mower,96045002500,532198906,Lens Right Hand,Husqvarna
General Electric,Refrigerator,BSS25JSTPSS,WR17X13124,Cover Water Line,GE
General Electric,Dryer,PVXR363EH5WW,WE2M196           ,Screw #8,GE
Amana,Refrigerator,ASD2622HRS-ASD2622HRS0,67006425,Screw,Whirlpool
Frigidaire,Refrigerator,FRS6R4EB4                     ,240555002         ,Screw-#8-32 X 3/8,Frigidaire
Kenmore,Dryer,11060172001                   ,3936144           ,Connector,Whirlpool
Kenmore,Refrigerator,10658585892                   ,W11497323,Pan-snack,Whirlpool
Echo,Trimmer,SRM-211i,P005002280,Carb Repair Kit,Echo
General Electric,Refrigerator,ZISP420DHBSS,WR17X12822,Plate Front Disp,GE
Husqvarna,Lawn Tractor,1342XPA,532150616,"Decal, Grille Husqvarna",Husqvarna
Echo,Hedge Trimmer,SHC-225S,A365000060,Connector-cap,Echo
Frigidaire,Refrigerator,FRS26LH5DS9                   ,5304481642,Trough,Frigidaire
Frigidaire,Refrigerator,FRS26RLECS2                   ,240330011         ,Base-compressor Mounting,Frigidaire
Frigidaire,Refrigerator,FRS26KF6EB6                   ,218976409         ,Water Tube,Frigidaire
Kenmore,Refrigerator,25351693104                   ,240328201         ,Hinge Bearing,Frigidaire
Frigidaire,Refrigerator,DGUS2635LE0,241945101,Insulation-air Duct,Frigidaire
Husqvarna,Lawn Tractor,LTH18538,532175158,Fuse,Husqvarna
Husqvarna,Lawn Tractor,YTH26V54,000000000,Nan,Husqvarna
Husqvarna,Lawn Tractor,LOYTH20F42,532105709,Spring-return-clutch,Husqvarna
Husqvarna,Lawn Tractor,YTH22K54,587483301,Hood Assmebly,Husqvarna
Jenn-Air,Refrigerator,JFC2089HEP5,285006            ,Spray Paint - Superior Black,Whirlpool
Frigidaire,Refrigerator,FRS6HR5HW1                    ,240326203         ,Dairy Door,Frigidaire
Frigidaire,Refrigerator,FRS26R4AB0                    ,5304455650        ,Hex Head Screw,Frigidaire
General Electric,Dryer,GFMS175GH0DG,WW03L00186,Filter And Mesh Assembly,GE
General Electric,Refrigerator,ZISS420NKBSS,WG03F06412,Harness Jumper Wifi,GE
General Electric,Dryer,GTD65GBMJ0WS,WE16X23857,Blower Wheel,GE
Frigidaire,Refrigerator,GLHS67EHB6                    ,240326203         ,Dairy Door,Frigidaire
General Electric,Refrigerator,ZISP420DHBSS,WG03F06133,Bin Assembly Gallon 42,GE
KitchenAid,Dryer,YKEYS710LQ0                   ,WP8541818,"Box, Heater",Whirlpool
Kenmore,Dryer,11064084200                   ,WP80051,Touch-up Paint - Graphite,Whirlpool
Frigidaire,Refrigerator,GLHS269ZCQ2                   ,241684802,Spacer,Frigidaire
General Electric,Dryer,PCVH565EH0GG,WE1M707           ,Door Handle Cover,GE
Husqvarna,Lawn Tractor,CTH2038,000000000,Nan,Husqvarna
Frigidaire,Refrigerator,FRS26R4CQ1                    ,215503203         ,Screw,Frigidaire
Briggs and Stratton,Engine,122K00,494147,Drive-starter,Briggs and Stratton
Frigidaire,Refrigerator,FFHS2611LWKA,241684001         ,Front Plate,Frigidaire
Husqvarna,Lawn Tractor,GTH2248XP,581724801,Decal.bypass,Husqvarna
Husqvarna,Lawn Mower,96043002101,196304,Plate Crossmember,Husqvarna
General Electric,Refrigerator,PYE22PMKBES,WR17X13195,Bracket Slide Fz Left Hand,GE
Frigidaire,Refrigerator,FRS26R4CBS                    ,240507202         ,Ice Container Deflector Cover,Frigidaire
Husqvarna,Lawn Mower,YTH22V42,532198885,Cable-ground,Husqvarna
Husqvarna,Lawn Mower,YTH23V48,872140505,"Bolt, Carriage 5/16-18 X 5/8",Husqvarna
General Electric,Refrigerator,ZDT800SIFII,WR01L02292,Grommet Base Grill,GE
Frigidaire,Refrigerator,GLHS269ZDW2                   ,241885001,Dispenser Crusher Housing,Frigidaire
General Electric,Dryer,GTR12BAXLWW,WE2M308,Scr 8-15 X 7/16 Ab,GE
General Electric,Dryer,UPVH880GJ0MG,WE14M151,Deflector Drum Heat,GE
Frigidaire,Refrigerator,FRS26KR4AQ3                   ,215782300         ,Handle Trim Snap-in Lock,Frigidaire
Briggs and Stratton,Engine,216300,792647,Cap-fuel Tank,Briggs and Stratton
Frigidaire,Refrigerator,FRS6L9EFSS7                   ,5304455655        ,Rivet,Frigidaire
Amana,Refrigerator,SDI22F-G-P7700005WG,C8871201,Discontinued,Whirlpool
Husqvarna,Lawn Mower,96051001601,532416500,Insert Reflective Left Hand,Husqvarna
Briggs and Stratton,Engine,121300,699478,Screw,Briggs and Stratton
General Electric,Refrigerator,GSRC3QGXAFWW,WR02X10821        ,Humidity Control - White,GE
General Electric,Dryer,GUSR493GB9WW,WE4M399,R.switch (xcare) On/off,GE
Husqvarna,Lawn Mower,96041034100,532401723,Pedal Reverse,Husqvarna
Husqvarna,Lawn Tractor,YTH22V46XLS,532448204,Cover,Husqvarna
Kenmore,Refrigerator,25354743303                   ,241957901,Drain Tube,Frigidaire
Frigidaire,Refrigerator,FRS26KF5DW5                   ,240343102         ,Basket Hanger - Left Side,Frigidaire
Husqvarna,Lawn Mower,YTH21K46,532123487,Clamp Hose,Husqvarna
Amana,Refrigerator,SRI25F-A-P7700006WA,R0175017,Double Outlet Valve Kit,Whirlpool
Westinghouse,Refrigerator,WRS26MF5ASR                   ,240398506         ,Label,Frigidaire
General Electric,Refrigerator,PFRS2MJXBSS,WR01X10618        ,Scr 8-18 Tpt 1/4,GE
Crosley,Refrigerator,CS22CFXTS05,978027            ,Access Valve - 3/8 Inch,Whirlpool
Amana,Refrigerator,SL22JB-P1116006W,88310503,Discontinued,Whirlpool
Kenmore,Refrigerator,25351692105                   ,240362101         ,Crisper Cover Clip,Frigidaire
Kenmore,Refrigerator,25353729302                   ,241684901         ,Spacer-fixed Blades,Frigidaire
Amana,Refrigerator,ABR2233FES0,12225601,Air Dam,Whirlpool
General Electric,Dryer,QUXR473EB6WW,WE2M174           ,Screw - #10,GE
Crosley,Refrigerator,WRS26MR4JS2,241731801         ,Spring-control Rod,Frigidaire
General Electric,Refrigerator,PSC23MSTDSS,40A15             ,Light Bulb - 40w,GE
Frigidaire,Refrigerator,FRS6LF7FS6                    ,240555002         ,Screw-#8-32 X 3/8,Frigidaire
General Electric,Refrigerator,ZISS480DXDSS,WR72X10330,Pan Side Support Left Hand,GE
Troy-Bilt,Lawn Tractor,13AX78KT066,631-05191A,Chute Assembly,MTD
General Electric,Dryer,PHDSR48GF1WW,NOTE03,Included With Item #630,GE
Briggs and Stratton,Engine,204312-0529,691043,Plug--spark,Briggs and Stratton
Kenmore,Refrigerator,25354663409,240521302         ,Pan Head Handle Mouting Screw,Frigidaire
Norge,Dryer,8635A,53-0198,Support,Whirlpool
Frigidaire,Refrigerator,FRS26KF6EBK,5304418225        ,Rear Roller - Black,Frigidaire
Frigidaire,Refrigerator,GLHS280ZAB4                   ,5304455650        ,Hex Head Screw,Frigidaire
Husqvarna,Lawn Tractor,CT151,583170601,Rod Pivot Fbi,Husqvarna
General Electric,Dryer,PHDVH57GH3WW,WG04A02711,Schema Cablage (ref.),GE
Frigidaire,Refrigerator,FRS6LC8FS2                    ,240398401         ,Filter Release Spring,Frigidaire
General Electric,Dryer,DE70FA1-CA2,WE09X27636,Blower Gasket (exhaust),GE
Kenmore,Refrigerator,25351392101                   ,5995350666        ,Repair Parts List,Frigidaire
Kenmore,Refrigerator,10651744100                   ,WPW10285542,Single Door Handle - White,Whirlpool
Crosley,Refrigerator,CRSS262QS5,242106605,Condenser,Frigidaire
Frigidaire,Refrigerator,FTMD18P4RW5A,240530601         ,Drawer Support Rail - Left Side,Frigidaire
Frigidaire,Refrigerator,GLHS65EHW5                    ,240330011         ,Base-compressor Mounting,Frigidaire
General Electric,Refrigerator,ZDT800SIFII,WR60X10229        ,Damper Assembly,GE
Briggs and Stratton,Engine,20P400,699481,Screw,Briggs and Stratton
General Electric,Dryer,PHDVH57GH1WW,WE2M174           ,Screw - #10,GE
General Electric,Dryer,GFMN110ED0WW,WW02L00518,Top Bearing Asm,GE
Maytag,Refrigerator,MSD2254VEB00,WP2309517,Snack Pan - Clear,Whirlpool
Frigidaire,Refrigerator,FRT18L4JMN,5304418225        ,Rear Roller - Black,Frigidaire
General Electric,Dryer,PVXR373EH1WW,WD02X10057        ,Screw,GE
General Electric,Refrigerator,ZISB480DXC,WR17X12822,Plate Front Disp,GE
Husqvarna,Lawn Tractor,CTH150XP,532110712,Switch Light / Reset,Husqvarna
Kenmore,Dryer,11063034102                   ,W10850756,Screw,Whirlpool
Frigidaire,Refrigerator,FGUS2635LP1,240442706         ,Screw-#10-32 X 3/4,Frigidaire
General Electric,Dryer,PHDVH57EH3GG,WG04L04074,Door Mask,GE
Frigidaire,Refrigerator,FGHS2634KP1,240334201         ,Freezer Upper Door Bin,Frigidaire
General Electric,Dryer,PHDSR48EH3WW,WE20X20559,Panel Rear,GE
Husqvarna,Lawn Mower,96043013301,587485801,Top Vent Assembly.,Husqvarna
General Electric,Refrigerator,GSRL3KLXAFLB,WR32M580,Ff Shelf Assembly,GE
Frigidaire,Refrigerator,FRS26KF6EME,5304456665        ,Ice Mold Thermostat,Frigidaire
General Electric,Dryer,GUAP270EM2WW,WE1M721,Protection Bracket,GE
Husqvarna,Lawn Mower,96043012302,532171852,Bolt-shoulder (5/16-18),Husqvarna
Frigidaire,Refrigerator,FRS26FCDW5                    ,240317701         ,Box-control,Frigidaire
Frigidaire,Refrigerator,FFSS2614QE4A,240330014,Base-compressor,Frigidaire
Husqvarna,Lawn Tractor,YTH180,532142961,Seal .75 X 1.25 X .250,Husqvarna
Norge,Dryer,8540A,53-0593           ,Chrome Button,Maytag
Frigidaire,Refrigerator,GLHS65EHB3                    ,218721500         ,Bracket-leveling,Frigidaire
General Electric,Dryer,PCXR363EH4WW,WE17X22217,Drive Motor And Pulley,GE
Kenmore,Dryer,11073066102                   ,279868            ,Control Panel End Cap Set - White,Whirlpool
General Electric,Dryer,GUSR495EB2WW,WE14X25080,Dryer Lint Chute Assembly,GE
Husqvarna,Lawn Tractor,P145107HRB,532137040,"Line, Fuel",Ryobi
General Electric,Dryer,PCVH565GH2WW,WE9M31,Top Bearing Felt,GE
Frigidaire,Refrigerator,FRT18P5AW9                    ,240534701         ,Door Shelf Retainer Bar,Frigidaire
Amana,Refrigerator,TQ18R2-P1181802WG,M0580007          ,Use Acp M0580007,Maytag
General Electric,Dishwasher,ZDT870SPF5SS,WR01X10380        ,Scr 8-18 Ab Tsq 5/8 Stainless Steel,GE
Frigidaire,Refrigerator,FRS6HR4HW2                    ,240581901         ,Door Stop - White,Frigidaire
Husqvarna,Lawn Tractor,YTH22V46,817670412,Screw 1/4-20 X 3/4,Husqvarna
Frigidaire,Refrigerator,FRS26HF6BQ4                   ,5304496561,Temperature Control Thermostat,Frigidaire
Husqvarna,Lawn Mower,YTKH1542XP,532127018,Bolt-shoulder (5/16-18x62),Husqvarna
General Electric,Dryer,GUSR495EB3WW,WE01X20419,Door Handle - White,GE
Husqvarna,Lawn Mower,96045000702,532403048,Vent Side Hood Right Hand,Husqvarna
Crosley,Refrigerator,WRS26MF5AQM                   ,218781101         ,Pan Head Screw,Frigidaire
Frigidaire,Refrigerator,NGS26ZZAQ4                    ,240339101         ,Clip-trim,Frigidaire
Frigidaire,Refrigerator,FRS26BH6CW4                   ,218990801         ,Bracket-evap/cvr Mt,Frigidaire
Husqvarna,Lawn Mower,TC142T,532006266,Bearing-race Thrust Harden,Husqvarna
Kenmore,Refrigerator,25353612303                   ,5304475102,Compressor,Frigidaire
Frigidaire,Refrigerator,LFSS2612TP3,241639502,Blade-condenser Fan,Frigidaire
Husqvarna,Lawn Tractor,WP145H42G,532106933,"Knob, Shift Control",Poulan
General Electric,Dryer,PCCB330GJ3WC,WE14X215          ,2-coil Gas Shut-off Valve Assembly,GE
General Electric,Dryer,PHDSR48GH3WW,WE2M189           ,Screw,GE
Frigidaire,Refrigerator,GLHS68EJSB0                   ,242039204,Condenser,Frigidaire
Frigidaire,Refrigerator,FFHS2622MB5,5304456660        ,Screw,Frigidaire
Maytag,Refrigerator,MFX2571XEM0,12996601,Grommet,Whirlpool
Maytag,Refrigerator,MFI2269VEQ1,WPW10235357,Glide,Whirlpool
Husqvarna,Lawn Mower,YTH2246TDR,532407003,Link Assembly Lift Fixed,Husqvarna
Husqvarna,Lawn Tractor,CTH135,539990071,Hcs %-20 X 1/2 Gr 5 Zd,Husqvarna
Husqvarna,Lawn Tractor,YTH20K42,532439730,Skirt Hood Side Right Hand,Husqvarna
Frigidaire,Refrigerator,FRS26F4CW1                    ,241734101         ,Access Door,Frigidaire
Whirlpool,Dryer,YLEN1000PQ0                   ,WP348197,Roller Shaft Washer,Whirlpool
Echo,Trimmer,SRM-225i,X471000050,Cam-inner,Echo
Frigidaire,Refrigerator,FRT21FG4DW1                   ,241708002         ,Center Hinge Pin,Frigidaire
Husqvarna,Lawn Tractor,CTH126,532406669,Skirt Side Left Hand,Husqvarna
Husqvarna,Lawn Tractor,YT48DXLS,587631703,Throttle,Husqvarna
Husqvarna,Lawn Mower,YTA24V48,532413524,Washer 13/32x1x1/2 11 Ga.,Husqvarna
Craftsman,Lawn Mower,917289571,532197869,Gear Sector Control Cruise,Husqvarna
Norge,Dryer,8440A,W10756178,Screw,Whirlpool
General Electric,Dryer,PCVH565EH3MS,WE11X20397,Heating Element & Housing Assembly,GE
Husqvarna,Lawn Tractor,YTH2148,532174371,Spring Secondary Drive,Husqvarna
Husqvarna,Lawn Mower,96041019903,532439743,"Insert, Wheel Steering",Husqvarna
Husqvarna,Lawn Mower,YTH18542,532195968,Discontinued,Husqvarna
Briggs and Stratton,Engine,204400,791753,Bracket-control,Briggs and Stratton
Husqvarna,Lawn Tractor,LTH18542,532140294,"V-belt, Ground Drive",Husqvarna
General Electric,Dryer,GTMS570ED0WW,WE1X1192          ,Door Strike,GE
Maytag,Refrigerator,MFI2568AES13,67006295,Ring- Targ,Whirlpool
Frigidaire,Refrigerator,FRSHB5EHPB4                   ,240324411         ,Kickplate Grille,Frigidaire
Whirlpool,Dryer,LER7648KQ3                    ,WP3957799,Control Knob,Whirlpool
Frigidaire,Refrigerator,FRS26HF5AB2                   ,240494001         ,Button Plug,Frigidaire
Frigidaire,Refrigerator,FRS26H5DSB1                   ,241993101,Crisper Cover Support - Front,Frigidaire
General Electric,Refrigerator,GSRS3KLXAFSV,WR17X11945        ,Shield Light Fz,GE
Westinghouse,Refrigerator,WRS26MF5AQJ                   ,241668132         ,"Door-freezer ,bisque ,complete Assembly",Frigidaire
General Electric,Refrigerator,ZISB360DKB,WR30X32633,Ice Bucket,GE
Kenmore,Refrigerator,25357103602,241688701         ,Ice Dispenser Door Seal,Frigidaire
General Electric,Refrigerator,CFRP5NFDASS,WR23X10725,Light Switch,GE
Frigidaire,Refrigerator,GLHS65EHW6                    ,241731801         ,Spring-control Rod,Frigidaire
Husqvarna,Lawn Tractor,2548,532166002,Washer Srrted 5/161d X 1.125,Poulan
Husqvarna,Lawn Tractor,PB26H54YT,532180166,Bracket Pivot Fender,Husqvarna
Husqvarna,Lawn Tractor,TS142L,532196615,Harness Pigtail Console Ros,Husqvarna
General Electric,Dryer,GTMN280EF0WW,WD02X10057        ,Screw,GE
Gibson,Range,CEC1M1WXC                     ,3202316           ,"Panel-oven Door, Almond - F/.6232890",Frigidaire
Gibson,Range,CEC1M1WXC                     ,5303300265        ,Screw,Frigidaire
Gibson,Range,CEC1M1WXC                     ,318372210,Surface Element - 6 Inch,Frigidaire
Gibson,Range,CEC1M1WXC                     ,131527400         ,Levelling Leg,Frigidaire
Gibson,Range,CEC1M1WXC                     ,3202801           ,End Cap,Frigidaire
Gibson,Range,CEC1M1WXC                     ,316137003         ,End Cap,Frigidaire
Gibson,Range,CEC1M1WXC                     ,316405602         ,Insulation,Frigidaire
Gibson,Range,CEC1M1WXC                     ,5303935058        ,Terminal Block Kit,Frigidaire
Gibson,Range,CEC1M1WXC                     ,5303935058        ,Terminal Block Kit,Frigidaire
Gibson,Range,CEC1M1WXC                     ,3201202           ,Grommet,Frigidaire
Gibson,Range,CEC1M1WXC                     ,5303281035        ,Screw-grd.,Frigidaire
Gibson,Range,CEC1M1WXC                     ,5303281035        ,Screw-grd.,Frigidaire
Gibson,Range,CEC1M1WXC                     ,5303281153        ,Rear Drum Bearing Kit,Frigidaire
Gibson,Range,CEC1M1WXC                     ,5303051140        ,Broil Element,Frigidaire
Gibson,Range,CEC1M1WXC                     ,5303010202        ,Screw,Frigidaire
Gibson,Range,CEC1M1WXC                     ,5303010202        ,Screw,Frigidaire
Gibson,Range,CEC1M1WXC                     ,5303010202        ,Screw,Frigidaire
Gibson,Range,CEC1M1WXC                     ,5303207393        ,Screw,Frigidaire
Gibson,Range,CEC1M1WXC                     ,5303281043        ,Screw,Frigidaire
Gibson,Range,CEC1M1WXC                     ,137552900,Drum Baffle,Frigidaire
Gibson,Range,CEC1M1WXC                     ,08067747          ,Bracket,Frigidaire
Gibson,Range,CEC1M1WXC                     ,3202802           ,End Cap,Frigidaire
Gibson,Range,CEC1M1WXC                     ,5303271648        ,Screw,Frigidaire
Gibson,Range,CEC1M1WXC                     ,316442300,Surface Element - 8 Inch - 220v,Frigidaire
Gibson,Range,CEC1M1WXC                     ,3281130           ,Use Wci 131363200,Frigidaire
Gibson,Range,CEC1M1WXC                     ,5303205255        ,Screw,Frigidaire
Gibson,Range,CEC1M1WXC                     ,5303931781        ,Shaft,Frigidaire
Gibson,Range,CEC1M1WXC                     ,134154100         ,Screw 10-32x.375 Co,Frigidaire
Gibson,Range,CEC1M1WXC                     ,3051113           ,Bezel-nameplate,Frigidaire
Gibson,Range,CEC1M1WXC                     ,3051199           ,"Panel-backguard, White-f/.6112190",Frigidaire
Gibson,Range,CEC1M1WXC                     ,5303935086        ,Burner Switch Kit,Frigidaire
Gibson,Range,CEC1M1WXC                     ,5303133767        ,Switch-top Lg. (1),Frigidaire
Gibson,Range,CEC1M1WXC                     ,5303051017        ,Surface Burner Cap - Stainless Steel,Frigidaire
Gibson,Range,CEC1M1WXC                     ,316075103         ,Oven Bake Element,Frigidaire
Gibson,Range,CEC1M1WXC                     ,3201199           ,Drum-assembly,Frigidaire
Gibson,Range,CEC1M1WXC                     ,3281120           ,Screw-ground,Frigidaire
Gibson,Range,CEC1M1WXC                     ,3281123           ,Duct-heat,Frigidaire
Gibson,Range,CEC1M1WXC                     ,3051380           ,"Main Top, Almond - F/.6232890",Frigidaire
Gibson,Range,CEC1M1WXC                     ,316048413         ,Drip Bowl - 8&quot;,Frigidaire
Gibson,Range,CEC1M1WXC                     ,316075103         ,Oven Bake Element,Frigidaire
Gibson,Range,CEC1M1WXC                     ,5303131215        ,"Nut, Twist-on, (2)",Frigidaire
Gibson,Range,CEC1M1WXC                     ,316114600         ,Oven Thermostat,Frigidaire
Gibson,Range,CEC1M1WXC                     ,5303210270        ,Light/lamp,Frigidaire
Gibson,Range,CEC1M1WXC                     ,3204254           ,Baffle,Frigidaire
Gibson,Range,CEC1M1WXC                     ,131724301,Dryer Drum Bearing Bracket,Frigidaire
Gibson,Range,CEC1M1WXC                     ,316114600         ,Oven Thermostat,Frigidaire
Gibson,Range,CEC1M1WXC                     ,316203400         ,Support,Frigidaire
Gibson,Range,CEC1M1WXC                     ,5303210270        ,Light/lamp,Frigidaire
Gibson,Range,CEC1M1WXC                     ,5303304506        ,Surface Knob - Black,Frigidaire
Gibson,Range,CEC1M1WXC                     ,08067961          ,Fastener,Frigidaire
Gibson,Range,CEC1M1WXC                     ,316099906         ,Discontinued,Frigidaire
Gibson,Range,CEC1M1WXC                     ,5303013568        ,Pan-broiler,Frigidaire
Gibson,Range,CEC1M1WXC                     ,5304409888        ,Main Terminal Block Kit,Frigidaire
Gibson,Range,CEC1M1WXC                     ,3281107           ,Washer,Frigidaire
Gibson,Range,CEC1M1WXC                     ,5303269964        ,Body,Frigidaire
Gibson,Range,CEC1M1WXC                     ,08067746          ,Bracket,Frigidaire
Gibson,Range,CEC1M1WXC                     ,3014099           ,Spacer,Frigidaire
Gibson,Range,CEC1M1WXC                     ,3203405           ,Cover-access,Frigidaire
Gibson,Range,CEC1M1WXC                     ,3203550           ,Plug,Frigidaire
Gibson,Range,CEC1M1WXC                     ,5304409888        ,Main Terminal Block Kit,Frigidaire
Gibson,Range,CEC1M1WXC                     ,3051198           ,"Panel-backguard, Almond-f/.6112890",Frigidaire
Gibson,Range,CEC1M1WXC                     ,5303202011        ,Oven Door Seal With Clips,Frigidaire
Gibson,Range,CEC1M1WXC                     ,5303209317        ,Shield-insulation,Frigidaire
Gibson,Range,CEC1M1WXC                     ,5303934084        ,Handle-door,Frigidaire
Gibson,Range,CEC1M1WXC                     ,131205400         ,Bracket Screw,Frigidaire
Gibson,Range,CEC1M1WXC                     ,5308015399        ,Safety Thermostat - L180-40f,Frigidaire
Gibson,Range,CEC1M1WXC                     ,131793201         ,Cover Plate Asmy,Frigidaire
Gibson,Range,CEC1M1WXC                     ,316066900         ,Rod,Frigidaire
Gibson,Range,CEC1M1WXC                     ,3051387           ,Cover-rear Wall,Frigidaire
Gibson,Range,CEC1M1WXC                     ,316029412         ,Panel,Frigidaire
Gibson,Range,CEC1M1WXC                     ,316067902         ,Oven Rack,Frigidaire
Gibson,Range,CEC1M1WXC                     ,316099909         ,Discontinued,Frigidaire
Gibson,Range,CEC1M1WXC                     ,5303212740        ,Screw,Frigidaire
Gibson,Range,CEC1M1WXC                     ,5303284616        ,Thermostat Bulb Clip,Frigidaire
Gibson,Range,CEC1M1WXC                     ,5303935086        ,Burner Switch Kit,Frigidaire
Gibson,Range,CEC1M1WXC                     ,5303133767        ,Switch-top Lg. (1),Frigidaire
Gibson,Range,CEC1M1WXC                     ,316073601         ,Tube,Frigidaire
Gibson,Range,CEC1M1WXC                     ,5303269543        ,"Rh, Almond",Frigidaire
Gibson,Range,CEC1M1WXC                     ,316403803,Insulation,Frigidaire
Gibson,Range,CEC1M1WXC                     ,5303281153        ,Rear Drum Bearing Kit,Frigidaire
Gibson,Range,CEC1M1WXC                     ,5303281153        ,Rear Drum Bearing Kit,Frigidaire
Gibson,Range,CEC1M1WXC                     ,5303269963        ,White,Frigidaire
Gibson,Range,CEC1M1WXC                     ,5303935058        ,Terminal Block Kit,Frigidaire
Gibson,Range,CEC1M1WXC                     ,5303935058        ,Terminal Block Kit,Frigidaire
Gibson,Range,CEC1M1WXC                     ,3051218           ,Plate,Frigidaire
Gibson,Range,CEC1M1WXC                     ,3203540           ,Panel,Frigidaire
Gibson,Range,CEC1M1WXC                     ,3206285           ,Foot,Frigidaire
Gibson,Range,CEC1M1WXC                     ,3934058           ,Anti-tip Kit,Frigidaire
Gibson,Range,CEC1M1WXC                     ,5303271756        ,"Burner, Box",Frigidaire
Gibson,Range,CEC1M1WXC                     ,19100210058       ,Wiring Diagram,Frigidaire
Gibson,Range,CEC1M1WXC                     ,131420300         ,Screw,Frigidaire
Gibson,Range,CEC1M1WXC                     ,5303212494        ,Nameplate,Frigidaire
Gibson,Range,CEC1M1WXC                     ,316066611         ,Liner-oven Door,Frigidaire
Gibson,Range,CEC1M1WXC                     ,5303281378        ,Handle Screw,Frigidaire
Gibson,Range,CEC1M1WXC                     ,137137200,Heater Housing Assembly,Frigidaire
Gibson,Range,CEC1M1WXC                     ,3051202           ,"Panel-dummy, Almond - F/.6302890",Frigidaire
Gibson,Range,CEC1M1WXC                     ,3051368           ,Shield-flue Cover,Frigidaire
Gibson,Range,CEC1M1WXC                     ,316099907         ,Discontinued,Frigidaire
Gibson,Range,CEC1M1WXC                     ,5303206618        ,Bracket-mtg Range C,Frigidaire
Gibson,Range,CEC1M1WXC                     ,316218304         ,Insulation,Frigidaire
